{"v":"4.8.0","meta":{"g":"LottieFiles AE 1.0.0","a":"","k":"","d":"","tc":"none"},"fr":60,"ip":0,"op":300,"w":1920,"h":1920,"nm":"Comp 1","ddd":0,"assets":[],"layers":[{"ddd":0,"ind":1,"ty":4,"nm":"cloud outline Outlines","sr":1,"ks":{"o":{"a":0,"k":100,"ix":11},"r":{"a":0,"k":0,"ix":10},"p":{"a":0,"k":[960,960,0],"ix":2},"a":{"a":0,"k":[960,960,0],"ix":1},"s":{"a":0,"k":[100,100,100],"ix":6}},"ao":0,"shapes":[{"ty":"gr","it":[{"ind":0,"ty":"sh","ix":1,"ks":{"a":0,"k":{"i":[[0,0],[-62,4],[-44.737,-27.768],[-27.625,-29.875],[0,0],[-52,20],[-36.552,-4.939],[0,0],[-36.979,43.642],[-63.75,10.5],[0,0]],"o":[[0,0],[68.256,-4.404],[29,18],[41.284,44.646],[0,0],[48.941,-18.823],[48.25,8],[0,0],[27.75,-32.75],[65.048,-10.714],[0,0]],"v":[[502,1088],[643.75,1044.75],[807,1082],[878.375,1144.875],[930,1221.5],[1019,1157.75],[1139.5,1148.5],[1239,1191.5],[1281,1111.5],[1402.75,1041.5],[1524,1054.5]],"c":false},"ix":2},"nm":"Path 1","mn":"ADBE Vector Shape - Group","hd":false},{"ty":"tm","s":{"a":1,"k":[{"i":{"x":[0.833],"y":[0.833]},"o":{"x":[0.167],"y":[0.167]},"t":165,"s":[0]},{"t":240,"s":[100]}],"ix":1},"e":{"a":1,"k":[{"i":{"x":[0.833],"y":[0.833]},"o":{"x":[0.167],"y":[0.167]},"t":15,"s":[0]},{"t":90,"s":[100]}],"ix":2},"o":{"a":0,"k":0,"ix":3},"m":1,"ix":2,"nm":"Trim Paths 1","mn":"ADBE Vector Filter - Trim","hd":false},{"ty":"st","c":{"a":0,"k":[0.3835,0.2592,0.4608,1],"ix":3},"o":{"a":0,"k":100,"ix":4},"w":{"a":0,"k":19,"ix":5},"lc":2,"lj":1,"ml":4,"bm":0,"nm":"Stroke 1","mn":"ADBE Vector Graphic - Stroke","hd":false},{"ty":"tr","p":{"a":0,"k":[0,0],"ix":2},"a":{"a":0,"k":[0,0],"ix":1},"s":{"a":0,"k":[100,100],"ix":3},"r":{"a":0,"k":0,"ix":6},"o":{"a":0,"k":100,"ix":7},"sk":{"a":0,"k":0,"ix":4},"sa":{"a":0,"k":0,"ix":5},"nm":"Transform"}],"nm":"Shape 1","np":3,"cix":2,"bm":0,"ix":1,"mn":"ADBE Vector Group","hd":false},{"ty":"gr","it":[{"ind":0,"ty":"sh","ix":1,"ks":{"a":0,"k":{"i":[[0,0],[0,0],[0,0],[0,0],[240.722,-49.371],[4.233,-1.195],[200.462,150.261]],"o":[[302.4,-154.285],[142.971,-154.285],[77.142,-221.142],[0,0],[0,0],[-241.089,68.109],[0,0]],"v":[[-510.943,-44.341],[-82.543,87.316],[226.029,57.489],[510.943,-79.525],[246.636,122.288],[232.885,130.516],[-460.479,-6.514]],"c":true},"ix":2},"nm":"Path 1","mn":"ADBE Vector Shape - Group","hd":false},{"ty":"fl","c":{"a":0,"k":[1,1,1,1],"ix":4},"o":{"a":0,"k":100,"ix":5},"r":1,"bm":0,"nm":"Fill 1","mn":"ADBE Vector Graphic - Fill","hd":false},{"ty":"tr","p":{"a":0,"k":[1012.714,1133.94],"ix":2},"a":{"a":0,"k":[0,0],"ix":1},"s":{"a":0,"k":[100,100],"ix":3},"r":{"a":0,"k":0,"ix":6},"o":{"a":0,"k":100,"ix":7},"sk":{"a":0,"k":0,"ix":4},"sa":{"a":0,"k":0,"ix":5},"nm":"Transform"}],"nm":"Group 2","np":2,"cix":2,"bm":0,"ix":2,"mn":"ADBE Vector Group","hd":false}],"ip":0,"op":300,"st":0,"bm":0},{"ddd":0,"ind":2,"ty":4,"nm":"bil bilak Outlines","sr":1,"ks":{"o":{"a":0,"k":100,"ix":11},"r":{"a":0,"k":0,"ix":10},"p":{"a":1,"k":[{"i":{"x":0.667,"y":1},"o":{"x":0.333,"y":0},"t":15,"s":[882.532,981.772,0],"to":[0,0,0],"ti":[0,0,0]},{"i":{"x":0.667,"y":1},"o":{"x":0.333,"y":0},"t":45,"s":[882.532,971.772,0],"to":[0,0,0],"ti":[0,0,0]},{"i":{"x":0.667,"y":1},"o":{"x":0.333,"y":0},"t":75,"s":[882.532,981.772,0],"to":[0,0,0],"ti":[0,0,0]},{"i":{"x":0.667,"y":1},"o":{"x":0.333,"y":0},"t":105,"s":[882.532,971.772,0],"to":[0,0,0],"ti":[0,0,0]},{"i":{"x":0.667,"y":1},"o":{"x":0.333,"y":0},"t":135,"s":[882.532,981.772,0],"to":[0,0,0],"ti":[0,0,0]},{"i":{"x":0.667,"y":1},"o":{"x":0.333,"y":0},"t":165,"s":[882.532,971.772,0],"to":[0,0,0],"ti":[0,0,0]},{"i":{"x":0.667,"y":1},"o":{"x":0.333,"y":0},"t":195,"s":[882.532,981.772,0],"to":[0,0,0],"ti":[0,0,0]},{"i":{"x":0.667,"y":1},"o":{"x":0.333,"y":0},"t":240,"s":[882.532,971.772,0],"to":[0,0,0],"ti":[0,0,0]},{"t":284,"s":[882.532,981.772,0]}],"ix":2},"a":{"a":0,"k":[882.532,981.772,0],"ix":1},"s":{"a":0,"k":[100,100,100],"ix":6}},"ao":0,"shapes":[{"ty":"gr","it":[{"ind":0,"ty":"sh","ix":1,"ks":{"a":0,"k":{"i":[[-4.708,-4.744],[-6.683,-0.024],[0,0],[-4.72,4.685],[9.719,9.792],[6.682,0.025],[0,0],[4.723,-4.687],[0.026,-6.682]],"o":[[4.708,4.741],[0,0],[6.649,0],[9.79,-9.72],[-4.707,-4.742],[0,0],[-6.647,0],[-4.741,4.706],[-0.023,6.684]],"v":[[-19.634,19.528],[-1.971,26.918],[-1.878,26.918],[15.747,19.655],[15.874,-15.729],[-1.789,-23.121],[-1.883,-23.121],[-19.508,-15.856],[-26.901,1.807]],"c":true},"ix":2},"nm":"Path 1","mn":"ADBE Vector Shape - Group","hd":false},{"ind":1,"ty":"sh","ix":2,"ks":{"a":0,"k":{"i":[[10.289,0],[0,0],[7.286,7.338],[0,0],[-0.038,10.343],[-7.341,7.287],[-15.044,-15.154],[15.15,-15.04]],"o":[[0,0],[-10.343,-0.037],[0,0],[-7.286,-7.34],[0.037,-10.342],[15.148,-15.04],[15.04,15.153],[-7.309,7.254]],"v":[[-1.876,40.622],[-2.021,40.622],[-29.359,29.182],[-29.362,29.179],[-40.602,1.757],[-29.159,-25.582],[25.599,-25.381],[25.404,29.377]],"c":true},"ix":2},"nm":"Path 2","mn":"ADBE Vector Shape - Group","hd":false},{"ty":"mm","mm":1,"nm":"Merge Paths 1","mn":"ADBE Vector Filter - Merge","hd":false},{"ty":"fl","c":{"a":0,"k":[0.3835,0.2592,0.4608,1],"ix":4},"o":{"a":0,"k":100,"ix":5},"r":1,"bm":0,"nm":"Fill 1","mn":"ADBE Vector Graphic - Fill","hd":false},{"ty":"tr","p":{"a":0,"k":[883.782,979.238],"ix":2},"a":{"a":0,"k":[0,0],"ix":1},"s":{"a":0,"k":[100,100],"ix":3},"r":{"a":0,"k":0,"ix":6},"o":{"a":0,"k":100,"ix":7},"sk":{"a":0,"k":0,"ix":4},"sa":{"a":0,"k":0,"ix":5},"nm":"Transform"}],"nm":"Group 1","np":6,"cix":2,"bm":0,"ix":1,"mn":"ADBE Vector Group","hd":false},{"ty":"gr","it":[{"ind":0,"ty":"sh","ix":1,"ks":{"a":0,"k":{"i":[[10.338,12.558],[6.536,-6.488],[12.401,12.491],[0.63,0.765],[-5.912,-5.955],[-12.491,12.402]],"o":[[0.272,8.533],[-12.492,12.402],[-0.712,-0.718],[0.248,7.774],[12.401,12.491],[11.774,-11.688]],"v":[[24.598,-26.046],[15.232,-2.407],[-29.84,-2.57],[-31.842,-4.802],[-22.64,16.63],[22.431,16.793]],"c":true},"ix":2},"nm":"Path 1","mn":"ADBE Vector Shape - Group","hd":false},{"ty":"fl","c":{"a":0,"k":[0.3835,0.2592,0.4608,1],"ix":4},"o":{"a":0,"k":30,"ix":5},"r":1,"bm":0,"nm":"Fill 1","mn":"ADBE Vector Graphic - Fill","hd":false},{"ty":"tr","p":{"a":0,"k":[881.924,986.961],"ix":2},"a":{"a":0,"k":[0,0],"ix":1},"s":{"a":0,"k":[100,100],"ix":3},"r":{"a":0,"k":0,"ix":6},"o":{"a":0,"k":100,"ix":7},"sk":{"a":0,"k":0,"ix":4},"sa":{"a":0,"k":0,"ix":5},"nm":"Transform"}],"nm":"Group 2","np":4,"cix":2,"bm":0,"ix":2,"mn":"ADBE Vector Group","hd":false},{"ty":"gr","it":[{"ind":0,"ty":"sh","ix":1,"ks":{"a":0,"k":{"i":[[-12.401,-12.492],[-12.491,12.401],[12.401,12.491],[12.491,-12.401]],"o":[[12.401,12.491],[12.492,-12.4],[-12.401,-12.491],[-12.492,12.401]],"v":[[-22.617,22.454],[22.453,22.617],[22.617,-22.453],[-22.454,-22.617]],"c":true},"ix":2},"nm":"Path 1","mn":"ADBE Vector Shape - Group","hd":false},{"ty":"fl","c":{"a":0,"k":[0.7539,0.3632,0.9968,1],"ix":4},"o":{"a":0,"k":100,"ix":5},"r":1,"bm":0,"nm":"Fill 1","mn":"ADBE Vector Graphic - Fill","hd":false},{"ty":"tr","p":{"a":0,"k":[881.902,981.136],"ix":2},"a":{"a":0,"k":[0,0],"ix":1},"s":{"a":0,"k":[100,100],"ix":3},"r":{"a":0,"k":0,"ix":6},"o":{"a":0,"k":100,"ix":7},"sk":{"a":0,"k":0,"ix":4},"sa":{"a":0,"k":0,"ix":5},"nm":"Transform"}],"nm":"Group 3","np":4,"cix":2,"bm":0,"ix":3,"mn":"ADBE Vector Group","hd":false},{"ty":"gr","it":[{"ind":0,"ty":"sh","ix":1,"ks":{"a":0,"k":{"i":[[0,0],[9.674,-9.608],[0.052,-13.7],[-9.654,-9.723],[-20.067,19.921],[-0.052,13.697],[9.654,9.722],[13.7,0.05]],"o":[[-13.626,0],[-9.722,9.648],[-0.05,13.699],[19.922,20.069],[9.722,-9.652],[0.05,-13.7],[-9.65,-9.724],[0,0]],"v":[[-0.005,-51.273],[-36.132,-36.381],[-51.286,-0.174],[-36.395,36.146],[36.133,36.411],[51.287,0.201],[36.396,-36.117],[0.186,-51.273]],"c":true},"ix":2},"nm":"Path 1","mn":"ADBE Vector Shape - Group","hd":false},{"ind":1,"ty":"sh","ix":2,"ks":{"a":0,"k":{"i":[[15.863,-0.002],[12.15,12.239],[-0.061,16.629],[-11.798,11.714],[-16.54,0],[0,0],[-11.715,-11.801],[0.06,-16.627],[11.799,-11.717]],"o":[[-16.019,0],[-11.714,-11.801],[0.061,-16.626],[11.745,-11.658],[0,0],[16.627,0.058],[11.713,11.797],[-0.061,16.626],[-12.121,12.03]],"v":[[0.003,62.234],[-44.176,43.87],[-62.249,-0.214],[-43.858,-44.164],[-0.005,-62.234],[0.227,-62.234],[44.177,-43.839],[62.249,0.24],[43.857,44.192]],"c":true},"ix":2},"nm":"Path 2","mn":"ADBE Vector Shape - Group","hd":false},{"ty":"mm","mm":1,"nm":"Merge Paths 1","mn":"ADBE Vector Filter - Merge","hd":false},{"ty":"fl","c":{"a":0,"k":[0.3835,0.2592,0.4608,1],"ix":4},"o":{"a":0,"k":100,"ix":5},"r":1,"bm":0,"nm":"Fill 1","mn":"ADBE Vector Graphic - Fill","hd":false},{"ty":"tr","p":{"a":0,"k":[918.664,1018.153],"ix":2},"a":{"a":0,"k":[0,0],"ix":1},"s":{"a":0,"k":[100,100],"ix":3},"r":{"a":0,"k":0,"ix":6},"o":{"a":0,"k":100,"ix":7},"sk":{"a":0,"k":0,"ix":4},"sa":{"a":0,"k":0,"ix":5},"nm":"Transform"}],"nm":"Group 4","np":6,"cix":2,"bm":0,"ix":4,"mn":"ADBE Vector Group","hd":false},{"ty":"gr","it":[{"ind":0,"ty":"sh","ix":1,"ks":{"a":0,"k":{"i":[[17.077,0],[12.926,-12.832],[-25.783,-25.974],[-25.973,25.787],[25.784,25.973]],"o":[[-16.917,0],[-25.969,25.783],[25.784,25.973],[25.971,-25.783],[-12.951,-13.046]],"v":[[-0.002,-62.391],[-46.762,-43.151],[-47.1,50.712],[46.763,51.051],[47.102,-42.813]],"c":true},"ix":2},"nm":"Path 1","mn":"ADBE Vector Shape - Group","hd":false},{"ind":1,"ty":"sh","ix":2,"ks":{"a":0,"k":{"i":[[20.405,0],[15.63,15.745],[-31.331,31.106],[-31.106,-31.329],[31.333,-31.106]],"o":[[-20.606,0],[-31.107,-31.333],[31.336,-31.111],[31.106,31.336],[-15.593,15.478]],"v":[[0.005,83.986],[-56.826,60.363],[-56.416,-52.875],[56.827,-52.467],[56.417,60.776]],"c":true},"ix":2},"nm":"Path 2","mn":"ADBE Vector Shape - Group","hd":false},{"ty":"mm","mm":1,"nm":"Merge Paths 1","mn":"ADBE Vector Filter - Merge","hd":false},{"ty":"fl","c":{"a":0,"k":[0.3835,0.2592,0.4608,1],"ix":4},"o":{"a":0,"k":100,"ix":5},"r":1,"bm":0,"nm":"Fill 1","mn":"ADBE Vector Graphic - Fill","hd":false},{"ty":"tr","p":{"a":0,"k":[881.901,977.187],"ix":2},"a":{"a":0,"k":[0,0],"ix":1},"s":{"a":0,"k":[100,100],"ix":3},"r":{"a":0,"k":0,"ix":6},"o":{"a":0,"k":100,"ix":7},"sk":{"a":0,"k":0,"ix":4},"sa":{"a":0,"k":0,"ix":5},"nm":"Transform"}],"nm":"Group 5","np":6,"cix":2,"bm":0,"ix":5,"mn":"ADBE Vector Group","hd":false},{"ty":"gr","it":[{"ind":0,"ty":"sh","ix":1,"ks":{"a":0,"k":{"i":[[-14.263,14.16],[-28.491,-28.699],[-3.158,-12.071],[14.331,14.436],[28.699,-28.491],[-6.39,-24.425]],"o":[[28.699,-28.491],[9.424,9.492],[0.155,-18.852],[-28.491,-28.699],[-19.207,19.068],[0.153,-18.626]],"v":[[-49.193,-5.449],[54.359,-5.073],[73.208,27.919],[51.959,-24.273],[-51.593,-24.649],[-70.818,45.911]],"c":true},"ix":2},"nm":"Path 1","mn":"ADBE Vector Shape - Group","hd":false},{"ty":"fl","c":{"a":0,"k":[1,1,1,1],"ix":4},"o":{"a":0,"k":50,"ix":5},"r":1,"bm":0,"nm":"Fill 1","mn":"ADBE Vector Graphic - Fill","hd":false},{"ty":"tr","p":{"a":0,"k":[881.906,953.821],"ix":2},"a":{"a":0,"k":[0,0],"ix":1},"s":{"a":0,"k":[100,100],"ix":3},"r":{"a":0,"k":0,"ix":6},"o":{"a":0,"k":100,"ix":7},"sk":{"a":0,"k":0,"ix":4},"sa":{"a":0,"k":0,"ix":5},"nm":"Transform"}],"nm":"Group 6","np":4,"cix":2,"bm":0,"ix":6,"mn":"ADBE Vector Group","hd":false},{"ty":"gr","it":[{"ind":0,"ty":"sh","ix":1,"ks":{"a":0,"k":{"i":[[13.253,27.368],[13.373,-13.276],[28.49,28.698],[3.438,7.099],[-15.215,-15.326],[-28.7,28.491]],"o":[[-0.971,17.441],[-28.699,28.491],[-5.869,-5.911],[-1.112,19.989],[28.492,28.698],[22.787,-22.623]],"v":[[65.906,-52.566],[44.391,-4.692],[-59.16,-5.068],[-73.099,-24.746],[-51.961,30.932],[51.592,31.308]],"c":true},"ix":2},"nm":"Path 1","mn":"ADBE Vector Shape - Group","hd":false},{"ty":"fl","c":{"a":0,"k":[0.3835,0.2592,0.4608,1],"ix":4},"o":{"a":0,"k":20,"ix":5},"r":1,"bm":0,"nm":"Fill 1","mn":"ADBE Vector Graphic - Fill","hd":false},{"ty":"tr","p":{"a":0,"k":[881.898,1001.793],"ix":2},"a":{"a":0,"k":[0,0],"ix":1},"s":{"a":0,"k":[100,100],"ix":3},"r":{"a":0,"k":0,"ix":6},"o":{"a":0,"k":100,"ix":7},"sk":{"a":0,"k":0,"ix":4},"sa":{"a":0,"k":0,"ix":5},"nm":"Transform"}],"nm":"Group 7","np":4,"cix":2,"bm":0,"ix":7,"mn":"ADBE Vector Group","hd":false},{"ty":"gr","it":[{"ind":0,"ty":"sh","ix":1,"ks":{"a":0,"k":{"i":[[-28.491,-28.699],[-28.699,28.491],[28.492,28.699],[28.7,-28.491]],"o":[[28.491,28.698],[28.699,-28.491],[-28.491,-28.699],[-28.699,28.491]],"v":[[-51.964,51.588],[51.588,51.964],[51.964,-51.588],[-51.589,-51.964]],"c":true},"ix":2},"nm":"Path 1","mn":"ADBE Vector Shape - Group","hd":false},{"ty":"fl","c":{"a":0,"k":[0.7235,0.388,0.932,1],"ix":4},"o":{"a":0,"k":100,"ix":5},"r":1,"bm":0,"nm":"Fill 1","mn":"ADBE Vector Graphic - Fill","hd":false},{"ty":"tr","p":{"a":0,"k":[881.902,981.137],"ix":2},"a":{"a":0,"k":[0,0],"ix":1},"s":{"a":0,"k":[100,100],"ix":3},"r":{"a":0,"k":0,"ix":6},"o":{"a":0,"k":100,"ix":7},"sk":{"a":0,"k":0,"ix":4},"sa":{"a":0,"k":0,"ix":5},"nm":"Transform"}],"nm":"Group 8","np":4,"cix":2,"bm":0,"ix":8,"mn":"ADBE Vector Group","hd":false}],"ip":0,"op":300,"st":0,"bm":0},{"ddd":0,"ind":3,"ty":4,"nm":"star Outlines","sr":1,"ks":{"o":{"a":0,"k":100,"ix":11},"r":{"a":0,"k":0,"ix":10},"p":{"a":0,"k":[960,960,0],"ix":2},"a":{"a":0,"k":[960,960,0],"ix":1},"s":{"a":0,"k":[100,100,100],"ix":6}},"ao":0,"shapes":[{"ty":"gr","it":[{"ind":0,"ty":"sh","ix":1,"ks":{"a":0,"k":{"i":[[0,0],[-40.931,-30.041],[-48.056,4.263],[0,0],[-33.315,-36.226],[-52.858,-15.586],[-57.759,10.301],[-39.298,29.927],[0,0],[-46.276,-2.394],[-45.283,26.594],[0,0],[40.161,-15.999],[44.761,-7.214],[0,0],[78,-50],[43.867,-7.032],[45.371,14.504],[32.474,22.99],[0,0],[39.017,1.104],[29.742,13.898]],"o":[[0,0],[38.893,28.546],[38.914,-3.452],[0,0],[37.303,40.563],[56.275,16.594],[48.629,-8.673],[50.05,-38.115],[0,0],[52.444,2.713],[45.53,-26.74],[0,0],[-42.119,16.779],[-47.078,7.588],[0,0],[-37.403,23.976],[-47.032,7.54],[-37.899,-12.115],[-42.999,-30.441],[0,0],[-32.816,-0.929],[-42.716,-19.961]],"v":[[300,1149.5],[355,1278],[502.5,1321.5],[625,1272],[694,1394],[830,1484],[1002,1494],[1140,1440],[1262,1305],[1396,1342],[1549,1316],[1648,1194],[1543,1271],[1412,1305],[1259,1296],[1124,1389],[1000,1429],[856,1421],[740,1358],[626.5,1261],[497,1271.5],[398.5,1245]],"c":true},"ix":2},"nm":"Path 1","mn":"ADBE Vector Shape - Group","hd":false},{"ty":"st","c":{"a":0,"k":[1,1,1,1],"ix":3},"o":{"a":0,"k":100,"ix":4},"w":{"a":0,"k":2,"ix":5},"lc":1,"lj":1,"ml":4,"bm":0,"nm":"Stroke 1","mn":"ADBE Vector Graphic - Stroke","hd":false},{"ty":"fl","c":{"a":0,"k":[0,0,0,1],"ix":4},"o":{"a":0,"k":10,"ix":5},"r":1,"bm":0,"nm":"Fill 1","mn":"ADBE Vector Graphic - Fill","hd":false},{"ty":"tr","p":{"a":0,"k":[0,0],"ix":2},"a":{"a":0,"k":[0,0],"ix":1},"s":{"a":0,"k":[100,100],"ix":3},"r":{"a":0,"k":0,"ix":6},"o":{"a":0,"k":100,"ix":7},"sk":{"a":0,"k":0,"ix":4},"sa":{"a":0,"k":0,"ix":5},"nm":"Transform"}],"nm":"Shape 1","np":3,"cix":2,"bm":0,"ix":1,"mn":"ADBE Vector Group","hd":false},{"ty":"gr","it":[{"ind":0,"ty":"sh","ix":1,"ks":{"a":0,"k":{"i":[[-0.967,-4.778],[0,0],[-2.166,-0.249],[0,0],[4.246,-2.395],[0,0],[-0.432,-2.137],[0,0],[3.591,3.297],[0,0],[1.898,-1.072],[0,0],[-2.027,4.434],[0,0],[1.607,1.475],[0,0],[-4.844,-0.557],[0,0],[-0.907,1.984],[0,0]],"o":[[0,0],[0.432,2.137],[0,0],[4.843,0.558],[0,0],[-1.9,1.071],[0,0],[0.967,4.78],[0,0],[-1.607,-1.475],[0,0],[-4.246,2.396],[0,0],[0.906,-1.983],[0,0],[-3.59,-3.298],[0,0],[2.166,0.249],[0,0],[2.027,-4.434]],"v":[[6.402,-16.956],[7.381,-12.115],[11.739,-8.114],[16.645,-7.55],[18.544,1.833],[14.243,4.261],[11.783,9.642],[12.762,14.481],[4.425,19.187],[0.789,15.847],[-5.089,15.171],[-9.39,17.598],[-16.441,11.123],[-14.388,6.631],[-15.562,0.832],[-19.2,-2.508],[-15.22,-11.215],[-10.314,-10.65],[-5.161,-13.559],[-3.109,-18.05]],"c":true},"ix":2},"nm":"Path 1","mn":"ADBE Vector Shape - Group","hd":false},{"ty":"fl","c":{"a":0,"k":[1,1,1,1],"ix":4},"o":{"a":0,"k":100,"ix":5},"r":1,"bm":0,"nm":"Fill 1","mn":"ADBE Vector Graphic - Fill","hd":false},{"ty":"tr","p":{"a":0,"k":[1265.514,1075.058],"ix":2},"a":{"a":0,"k":[0,0],"ix":1},"s":{"a":0,"k":[100,100],"ix":3},"r":{"a":1,"k":[{"i":{"x":[0.833],"y":[0.833]},"o":{"x":[0.167],"y":[0.167]},"t":0,"s":[0]},{"t":299,"s":[360]}],"ix":6},"o":{"a":0,"k":100,"ix":7},"sk":{"a":0,"k":0,"ix":4},"sa":{"a":0,"k":0,"ix":5},"nm":"Transform"}],"nm":"Group 1","np":2,"cix":2,"bm":0,"ix":2,"mn":"ADBE Vector Group","hd":false},{"ty":"gr","it":[{"ind":0,"ty":"sh","ix":1,"ks":{"a":0,"k":{"i":[[-2.124,-4.389],[0,0],[-2.16,0.297],[0,0],[3.517,-3.375],[0,0],[-0.95,-1.962],[0,0],[4.296,2.303],[0,0],[1.573,-1.51],[0,0],[-0.863,4.798],[0,0],[1.921,1.03],[0,0],[-4.83,0.663],[0,0],[-0.386,2.146],[0,0]],"o":[[0,0],[0.95,1.963],[0,0],[4.83,-0.662],[0,0],[-1.573,1.51],[0,0],[2.123,4.389],[0,0],[-1.922,-1.029],[0,0],[-3.517,3.376],[0,0],[0.386,-2.146],[0,0],[-4.297,-2.303],[0,0],[2.16,-0.297],[0,0],[0.862,-4.799]],"v":[[2.782,-18.19],[4.932,-13.744],[10.147,-10.95],[15.04,-11.622],[19.209,-3.004],[15.645,0.415],[14.599,6.238],[16.75,10.684],[9.843,17.312],[5.489,14.979],[-0.372,15.784],[-3.936,19.203],[-12.373,14.682],[-11.5,9.821],[-14.077,4.495],[-18.43,2.163],[-16.738,-7.259],[-11.845,-7.931],[-7.575,-12.027],[-6.702,-16.888]],"c":true},"ix":2},"nm":"Path 1","mn":"ADBE Vector Shape - Group","hd":false},{"ty":"fl","c":{"a":0,"k":[1,1,1,1],"ix":4},"o":{"a":0,"k":100,"ix":5},"r":1,"bm":0,"nm":"Fill 1","mn":"ADBE Vector Graphic - Fill","hd":false},{"ty":"tr","p":{"a":0,"k":[1091.083,936.988],"ix":2},"a":{"a":0,"k":[0,0],"ix":1},"s":{"a":0,"k":[100,100],"ix":3},"r":{"a":1,"k":[{"i":{"x":[0.833],"y":[0.833]},"o":{"x":[0.167],"y":[0.167]},"t":0,"s":[0]},{"t":299,"s":[360]}],"ix":6},"o":{"a":0,"k":100,"ix":7},"sk":{"a":0,"k":0,"ix":4},"sa":{"a":0,"k":0,"ix":5},"nm":"Transform"}],"nm":"Group 2","np":2,"cix":2,"bm":0,"ix":3,"mn":"ADBE Vector Group","hd":false},{"ty":"gr","it":[{"ind":0,"ty":"sh","ix":1,"ks":{"a":0,"k":{"i":[[0.261,-8.627],[0,0],[-3.633,-1.303],[0,0],[8.286,-2.419],[0,0],[0.117,-3.859],[0,0],[4.86,7.133],[0,0],[3.705,-1.081],[0,0],[-5.281,6.827],[0,0],[2.174,3.19],[0,0],[-8.125,-2.914],[0,0],[-2.363,3.053],[0,0]],"o":[[0,0],[-0.117,3.859],[0,0],[8.125,2.913],[0,0],[-3.705,1.081],[0,0],[-0.261,8.627],[0,0],[-2.174,-3.189],[0,0],[-8.285,2.418],[0,0],[2.362,-3.052],[0,0],[-4.86,-7.133],[0,0],[3.633,1.303],[0,0],[5.281,-6.826]],"v":[[16.997,-28.045],[16.732,-19.307],[22.63,-10.651],[30.859,-7.699],[30.349,9.24],[21.956,11.689],[15.547,19.974],[15.282,28.712],[-0.986,33.46],[-5.909,26.235],[-15.768,22.699],[-24.161,25.149],[-33.703,11.144],[-28.354,4.229],[-28.038,-6.24],[-32.961,-13.465],[-22.589,-26.868],[-14.361,-23.917],[-4.305,-26.852],[1.044,-33.767]],"c":true},"ix":2},"nm":"Path 1","mn":"ADBE Vector Shape - Group","hd":false},{"ty":"fl","c":{"a":0,"k":[1,1,1,1],"ix":4},"o":{"a":0,"k":100,"ix":5},"r":1,"bm":0,"nm":"Fill 1","mn":"ADBE Vector Graphic - Fill","hd":false},{"ty":"tr","p":{"a":0,"k":[962.841,1134.554],"ix":2},"a":{"a":0,"k":[0,0],"ix":1},"s":{"a":0,"k":[37.5,37.5],"ix":3},"r":{"a":1,"k":[{"i":{"x":[0.833],"y":[0.833]},"o":{"x":[0.167],"y":[0.167]},"t":0,"s":[0]},{"t":299,"s":[360]}],"ix":6},"o":{"a":0,"k":100,"ix":7},"sk":{"a":0,"k":0,"ix":4},"sa":{"a":0,"k":0,"ix":5},"nm":"Transform"}],"nm":"Group 3","np":2,"cix":2,"bm":0,"ix":4,"mn":"ADBE Vector Group","hd":false},{"ty":"gr","it":[{"ind":0,"ty":"sh","ix":1,"ks":{"a":0,"k":{"i":[[-5.789,-6.402],[0,0],[-3.522,1.578],[0,0],[4.299,-7.484],[0,0],[-2.589,-2.863],[0,0],[8.446,1.776],[0,0],[1.923,-3.346],[0,0],[0.92,8.582],[0,0],[3.777,0.794],[0,0],[-7.877,3.528],[0,0],[0.412,3.838],[0,0]],"o":[[0,0],[2.589,2.863],[0,0],[7.877,-3.527],[0,0],[-1.922,3.347],[0,0],[5.789,6.402],[0,0],[-3.777,-0.795],[0,0],[-4.3,7.483],[0,0],[-0.412,-3.838],[0,0],[-8.446,-1.777],[0,0],[3.523,-1.577],[0,0],[-0.92,-8.582]],"v":[[-4.134,-33.978],[1.73,-27.494],[11.979,-25.338],[19.959,-28.911],[31.326,-16.341],[26.97,-8.76],[28.088,1.654],[33.952,8.138],[25.51,22.833],[16.954,21.034],[7.395,25.315],[3.04,32.896],[-13.544,29.407],[-14.477,20.716],[-21.502,12.946],[-30.058,11.147],[-31.865,-5.703],[-23.886,-9.276],[-18.669,-18.359],[-19.602,-27.052]],"c":true},"ix":2},"nm":"Path 1","mn":"ADBE Vector Shape - Group","hd":false},{"ty":"fl","c":{"a":0,"k":[1,1,1,1],"ix":4},"o":{"a":0,"k":100,"ix":5},"r":1,"bm":0,"nm":"Fill 1","mn":"ADBE Vector Graphic - Fill","hd":false},{"ty":"tr","p":{"a":0,"k":[1346.355,944.852],"ix":2},"a":{"a":0,"k":[0,0],"ix":1},"s":{"a":0,"k":[112.5,112.5],"ix":3},"r":{"a":1,"k":[{"i":{"x":[0.833],"y":[0.833]},"o":{"x":[0.167],"y":[0.167]},"t":0,"s":[0]},{"t":299,"s":[360]}],"ix":6},"o":{"a":0,"k":100,"ix":7},"sk":{"a":0,"k":0,"ix":4},"sa":{"a":0,"k":0,"ix":5},"nm":"Transform"}],"nm":"Group 4","np":2,"cix":2,"bm":0,"ix":5,"mn":"ADBE Vector Group","hd":false}],"ip":0,"op":300,"st":0,"bm":0},{"ddd":0,"ind":4,"ty":4,"nm":"baby Outlines","sr":1,"ks":{"o":{"a":0,"k":100,"ix":11},"r":{"a":0,"k":0,"ix":10},"p":{"a":0,"k":[960,960,0],"ix":2},"a":{"a":0,"k":[960,960,0],"ix":1},"s":{"a":0,"k":[100,100,100],"ix":6}},"ao":0,"shapes":[{"ty":"gr","it":[{"ind":0,"ty":"sh","ix":1,"ks":{"a":0,"k":{"i":[[4.488,2.457],[10.659,7.33],[9.677,9.214],[4.111,6.021],[1.43,3.928],[-1.008,5.106],[-3.244,2.977],[-3.967,1.639],[-4.383,-0.336],[-3.596,-1.937],[-3.763,-6.374],[-0.162,-7.879],[1.735,-3.98],[3.528,-2.495],[3.757,-0.682],[3.525,0.22],[6.253,2.074],[5.839,2.74],[5.367,3.499],[4.169,5.278],[-0.087,0.068],[-0.053,-0.008],[-5.789,-2.321],[-5.722,-2.225],[-5.784,-1.554],[-5.553,-0.135],[-3.084,2.455],[0.288,4.786],[8.025,3.762],[3.735,-1.683],[1.261,-1.272],[0.114,-1.123],[-0.771,-1.973],[-1.523,-2.14],[-4.34,-3.96],[-21.063,-12.068],[0,0],[2.586,-4.512]],"o":[[-11.47,-6.288],[-10.599,-7.334],[-4.811,-4.647],[-2.033,-3.038],[-1.38,-3.887],[0.881,-5.127],[3.346,-3.006],[3.918,-1.561],[4.372,0.301],[7.28,3.862],[3.719,6.421],[0.032,3.926],[-1.639,3.989],[-3.548,2.507],[-3.781,0.682],[-7.014,-0.569],[-6.261,-2.067],[-5.814,-2.785],[-5.351,-3.521],[-0.069,-0.087],[0.046,-0.037],[6.657,1.117],[5.751,2.368],[5.685,2.29],[5.773,1.575],[5.497,0.08],[3.03,-2.375],[-0.577,-9.477],[-4.009,-1.881],[-1.816,0.802],[-1.263,1.342],[-0.176,1.103],[0.778,1.965],[3.094,4.302],[17.545,15.901],[0,0],[4.514,2.586],[-2.555,4.461]],"v":[[52.692,51.766],[19.807,31.464],[-10.883,7.174],[-24.464,-8.484],[-29.826,-18.782],[-31.174,-32.569],[-23.993,-45.21],[-13.414,-51.809],[-0.653,-53.887],[11.532,-50.385],[27.76,-34.292],[34.049,-12.798],[31.781,-0.743],[23.635,9.363],[12.378,13.894],[1.417,14.408],[-18.409,10.174],[-36.503,2.854],[-53.433,-6.266],[-67.908,-19.225],[-67.875,-19.506],[-67.715,-19.547],[-49.373,-13.903],[-32.409,-6.484],[-15.185,-0.61],[1.976,2.109],[15.779,-1.387],[19.878,-12.375],[4.37,-36.26],[-7.135,-36.542],[-12.359,-33.031],[-14.266,-29.526],[-13.446,-24.812],[-9.904,-18.538],[1.565,-6.075],[61.674,35.205],[61.901,35.335],[65.391,48.189]],"c":true},"ix":2},"nm":"Path 1","mn":"ADBE Vector Shape - Group","hd":false},{"ty":"mm","mm":4,"nm":"Merge Paths 1","mn":"ADBE Vector Filter - Merge","hd":false},{"ty":"tm","s":{"a":0,"k":0,"ix":1},"e":{"a":0,"k":100,"ix":2},"o":{"a":0,"k":0,"ix":3},"m":1,"ix":3,"nm":"Trim Paths 1","mn":"ADBE Vector Filter - Trim","hd":false},{"ty":"fl","c":{"a":0,"k":[0.3835,0.2592,0.4608,1],"ix":4},"o":{"a":0,"k":100,"ix":5},"r":1,"bm":0,"nm":"Fill 1","mn":"ADBE Vector Graphic - Fill","hd":false},{"ty":"tr","p":{"a":0,"k":[560.498,668.551],"ix":2},"a":{"a":0,"k":[0,0],"ix":1},"s":{"a":0,"k":[100,100],"ix":3},"r":{"a":0,"k":0,"ix":6},"o":{"a":0,"k":100,"ix":7},"sk":{"a":0,"k":0,"ix":4},"sa":{"a":0,"k":0,"ix":5},"nm":"Transform"}],"nm":"Group 1","np":4,"cix":2,"bm":0,"ix":1,"mn":"ADBE Vector Group","hd":false},{"ty":"gr","it":[{"ind":0,"ty":"sh","ix":1,"ks":{"a":0,"k":{"i":[[5.534,0],[55.69,-55.287],[-5.376,-64.188],[-1.118,-0.79],[-0.616,-0.846],[-38.578,-2.51],[-1.02,1.071],[-0.136,0.129],[5.634,97.603],[37.015,27.398],[0.596,0.858],[112.826,10.21]],"o":[[-58.443,0],[-60.998,60.557],[9.469,113.049],[0.855,0.603],[27.129,37.212],[97.521,6.331],[0.129,-0.136],[1.083,-1.013],[-2.229,-38.595],[-0.84,-0.621],[-0.78,-1.12],[-5.545,-0.501]],"v":[[-7.482,-260.628],[-179.343,-177.407],[-263.169,10.589],[-141.784,203.863],[-139.562,206.05],[-40.539,265.914],[160.159,164.974],[160.56,164.573],[262.958,-35.384],[203.815,-134.84],[201.646,-137.077],[9.146,-259.875]],"c":true},"ix":2},"nm":"Path 1","mn":"ADBE Vector Shape - Group","hd":false},{"ind":1,"ty":"sh","ix":2,"ks":{"a":0,"k":{"i":[[101.853,-0.007],[3.265,0.211],[30.499,41.252],[9.747,116.386],[-65.215,64.744],[-70.081,-6.406],[-9.867,-13.725],[-2.532,-44.132],[7.057,-6.644]],"o":[[-3.26,0.002],[-44.112,-2.855],[-13.652,-9.967],[-5.874,-70.108],[65.215,-64.741],[116.311,10.593],[41.03,30.797],[6.046,105.347],[-6.476,6.779]],"v":[[-31.958,285.39],[-41.732,285.078],[-154.161,218.61],[-282.3,12.192],[-192.87,-191.035],[11.001,-278.985],[216.482,-149.347],[282.129,-36.437],[173.886,178.398]],"c":true},"ix":2},"nm":"Path 2","mn":"ADBE Vector Shape - Group","hd":false},{"ty":"mm","mm":1,"nm":"Merge Paths 1","mn":"ADBE Vector Filter - Merge","hd":false},{"ty":"fl","c":{"a":0,"k":[0.3835,0.2592,0.4608,1],"ix":4},"o":{"a":0,"k":100,"ix":5},"r":1,"bm":0,"nm":"Fill 1","mn":"ADBE Vector Graphic - Fill","hd":false},{"ty":"tr","p":{"a":0,"k":[776.712,871.936],"ix":2},"a":{"a":0,"k":[0,0],"ix":1},"s":{"a":0,"k":[100,100],"ix":3},"r":{"a":0,"k":0,"ix":6},"o":{"a":0,"k":100,"ix":7},"sk":{"a":0,"k":0,"ix":4},"sa":{"a":0,"k":0,"ix":5},"nm":"Transform"}],"nm":"Group 2","np":6,"cix":2,"bm":0,"ix":2,"mn":"ADBE Vector Group","hd":false},{"ty":"gr","it":[{"ind":0,"ty":"sh","ix":1,"ks":{"a":0,"k":{"i":[[0,0],[4.205,-2.127],[2.928,-2.851],[1.989,-4.044],[2.042,-5.269],[0.259,0.098],[0.056,0.101],[-0.833,5.906],[-4.636,4.199],[-5.684,0.81],[-5.167,-2.373],[0.068,-0.149],[0.07,-0.027]],"o":[[-5.152,1.943],[-4.199,2.108],[-2.891,2.889],[-1.978,4.048],[-0.099,0.259],[-0.115,-0.045],[-2.727,-5.026],[0.775,-5.904],[4.654,-4.211],[5.707,-0.764],[0.149,0.068],[-0.034,0.074],[0,0]],"v":[[20.924,-17.195],[6.901,-11.305],[-3.865,-3.962],[-11.029,6.272],[-16.63,20.25],[-17.279,20.541],[-17.541,20.311],[-20.344,3.582],[-11.784,-12.435],[4.365,-19.875],[20.964,-17.75],[21.109,-17.358],[20.945,-17.204]],"c":true},"ix":2},"nm":"Path 1","mn":"ADBE Vector Shape - Group","hd":false},{"ty":"fl","c":{"a":0,"k":[0.3835,0.2592,0.4608,1],"ix":4},"o":{"a":0,"k":100,"ix":5},"r":1,"bm":0,"nm":"Fill 1","mn":"ADBE Vector Graphic - Fill","hd":false},{"ty":"tr","p":{"a":0,"k":[812.018,908.331],"ix":2},"a":{"a":0,"k":[0,0],"ix":1},"s":{"a":0,"k":[100,100],"ix":3},"r":{"a":0,"k":0,"ix":6},"o":{"a":0,"k":100,"ix":7},"sk":{"a":0,"k":0,"ix":4},"sa":{"a":0,"k":0,"ix":5},"nm":"Transform"}],"nm":"Group 3","np":4,"cix":2,"bm":0,"ix":3,"mn":"ADBE Vector Group","hd":false},{"ty":"gr","it":[{"ind":0,"ty":"sh","ix":1,"ks":{"a":0,"k":{"i":[[0,0],[-7.929,4.673],[-6.353,6.191],[-2.796,3.502],[-1.453,1.752],[0,0],[-0.6,0.982],[-4.967,8.916],[-0.335,-0.186],[-0.021,-0.219],[3.723,-9.82],[1.12,-2.399],[1.522,-2.194],[1.66,-2.106],[1.971,-1.826],[10.051,-3.166],[10.112,2.509],[-0.041,0.16],[-0.088,0.035]],"o":[[9.477,-3.61],[7.912,-4.665],[3.205,-3.061],[1.504,-1.671],[0,0],[0.694,-0.913],[5.1,-7.7],[0.185,-0.335],[0.206,0.113],[0.924,10.267],[-0.858,2.489],[-1.281,2.317],[-1.434,2.255],[-1.784,1.995],[-7.755,7.447],[-10.049,3.088],[-0.161,-0.04],[0.024,-0.099],[0,0]],"v":[[-40.506,35.834],[-14.526,23.532],[6.924,7.354],[15.951,-2.473],[20.117,-7.801],[22.057,-10.61],[23.992,-13.457],[38.537,-38.467],[39.479,-38.738],[39.833,-38.195],[35.278,-7.739],[32.07,-0.511],[28.005,6.345],[23.222,12.781],[17.696,18.625],[-9.641,34.757],[-40.497,36.415],[-40.716,36.052],[-40.534,35.845]],"c":true},"ix":2},"nm":"Path 1","mn":"ADBE Vector Shape - Group","hd":false},{"ty":"fl","c":{"a":0,"k":[0.3835,0.2592,0.4608,1],"ix":4},"o":{"a":0,"k":100,"ix":5},"r":1,"bm":0,"nm":"Fill 1","mn":"ADBE Vector Graphic - Fill","hd":false},{"ty":"tr","p":{"a":0,"k":[877.449,971.642],"ix":2},"a":{"a":0,"k":[0,0],"ix":1},"s":{"a":0,"k":[50,50],"ix":3},"r":{"a":0,"k":0,"ix":6},"o":{"a":0,"k":100,"ix":7},"sk":{"a":0,"k":0,"ix":4},"sa":{"a":0,"k":0,"ix":5},"nm":"Transform"}],"nm":"Group 21","np":4,"cix":2,"bm":0,"ix":4,"mn":"ADBE Vector Group","hd":false},{"ty":"gr","it":[{"ind":0,"ty":"sh","ix":1,"ks":{"a":0,"k":{"i":[[0,0],[-7.929,4.673],[-6.353,6.191],[-2.796,3.502],[-1.453,1.752],[0,0],[-0.6,0.982],[-4.967,8.916],[-0.335,-0.186],[-0.021,-0.219],[3.723,-9.82],[1.12,-2.399],[1.522,-2.194],[1.66,-2.106],[1.971,-1.826],[10.051,-3.166],[10.112,2.509],[-0.041,0.16],[-0.088,0.035]],"o":[[9.477,-3.61],[7.912,-4.665],[3.205,-3.061],[1.504,-1.671],[0,0],[0.694,-0.913],[5.1,-7.7],[0.185,-0.335],[0.206,0.113],[0.924,10.267],[-0.858,2.489],[-1.281,2.317],[-1.434,2.255],[-1.784,1.995],[-7.755,7.447],[-10.049,3.088],[-0.161,-0.04],[0.024,-0.099],[0,0]],"v":[[-40.506,35.834],[-14.526,23.532],[6.924,7.354],[15.951,-2.473],[20.117,-7.801],[22.057,-10.61],[23.992,-13.457],[38.537,-38.467],[39.479,-38.738],[39.833,-38.195],[35.278,-7.739],[32.07,-0.511],[28.005,6.345],[23.222,12.781],[17.696,18.625],[-9.641,34.757],[-40.497,36.415],[-40.716,36.052],[-40.534,35.845]],"c":true},"ix":2},"nm":"Path 1","mn":"ADBE Vector Shape - Group","hd":false},{"ty":"fl","c":{"a":0,"k":[0.3835,0.2592,0.4608,1],"ix":4},"o":{"a":0,"k":100,"ix":5},"r":1,"bm":0,"nm":"Fill 1","mn":"ADBE Vector Graphic - Fill","hd":false},{"ty":"tr","p":{"a":0,"k":[700.449,948.142],"ix":2},"a":{"a":0,"k":[0,0],"ix":1},"s":{"a":0,"k":[100,100],"ix":3},"r":{"a":0,"k":0,"ix":6},"o":{"a":0,"k":100,"ix":7},"sk":{"a":0,"k":0,"ix":4},"sa":{"a":0,"k":0,"ix":5},"nm":"Transform"}],"nm":"Group 4","np":4,"cix":2,"bm":0,"ix":5,"mn":"ADBE Vector Group","hd":false},{"ty":"gr","it":[{"ind":0,"ty":"sh","ix":1,"ks":{"a":0,"k":{"i":[[-0.022,-0.091],[3.161,-10.026],[7.503,-7.699],[2.01,-1.769],[2.265,-1.416],[2.327,-1.265],[2.495,-0.839],[10.26,0.998],[-0.038,0.38],[-0.191,0.107],[-7.737,5.045],[-0.919,0.688],[0,0],[-1.682,1.492],[-3.085,3.183],[-4.721,7.878],[-3.68,9.45],[0,0],[-0.153,-0.061]],"o":[[2.437,10.131],[-3.239,10.029],[-1.84,1.958],[-2.118,1.644],[-2.204,1.507],[-2.407,1.102],[-9.848,3.652],[-0.38,-0.036],[0.022,-0.235],[8.954,-4.903],[0.987,-0.592],[0,0],[1.762,-1.439],[3.521,-2.771],[6.237,-6.307],[4.731,-7.895],[0,0],[0.06,-0.153],[0.095,0.036]],"v":[[36.707,-40.258],[34.825,-9.415],[18.495,17.806],[12.61,23.29],[6.14,28.025],[-0.745,32.041],[-7.996,35.194],[-38.485,39.528],[-39.106,38.773],[-38.748,38.233],[-13.632,23.867],[-10.77,21.953],[-7.948,20.033],[-2.589,15.907],[7.303,6.952],[23.636,-14.38],[36.127,-40.271],[36.137,-40.297],[36.524,-40.465]],"c":true},"ix":2},"nm":"Path 1","mn":"ADBE Vector Shape - Group","hd":false},{"ty":"fl","c":{"a":0,"k":[0.3835,0.2592,0.4608,1],"ix":4},"o":{"a":0,"k":100,"ix":5},"r":1,"bm":0,"nm":"Fill 1","mn":"ADBE Vector Graphic - Fill","hd":false},{"ty":"tr","p":{"a":0,"k":[850.228,799.474],"ix":2},"a":{"a":0,"k":[0,0],"ix":1},"s":{"a":0,"k":[100,100],"ix":3},"r":{"a":0,"k":0,"ix":6},"o":{"a":0,"k":100,"ix":7},"sk":{"a":0,"k":0,"ix":4},"sa":{"a":0,"k":0,"ix":5},"nm":"Transform"}],"nm":"Group 5","np":4,"cix":2,"bm":0,"ix":6,"mn":"ADBE Vector Group","hd":false},{"ty":"gr","it":[{"ind":0,"ty":"sh","ix":1,"ks":{"a":0,"k":{"i":[[9.678,31.938],[31.728,23.472],[216.96,-215.4],[8.871,-43.885],[-39.845,39.561],[-47.913,5.664],[-2.44,-2.57],[-24.301,-5.776],[-11.518,5.017],[-2.981,-1.697],[-8.391,-11.351],[-1.605,-1.223],[-7.917,-26.205],[4.555,-22.905]],"o":[[-8.136,-26.928],[0,0],[-49.648,49.294],[12.472,-36.298],[55.177,-54.78],[3.519,-0.416],[8.782,9.251],[25.519,6.065],[3.146,-1.37],[58.468,33.286],[1.2,1.624],[30.155,22.982],[6.965,22.986],[10.607,-30.885]],"v":[[265.605,54.213],[207.885,-22.371],[-187.731,-64.035],[-271.123,76.596],[-194.931,-37.635],[-39.143,-122.298],[-29.595,-119.026],[23.444,-94.354],[83.652,-93.203],[93.432,-92.569],[198.968,1.656],[203.211,5.926],[258.405,80.613],[260.711,150.044]],"c":true},"ix":2},"nm":"Path 1","mn":"ADBE Vector Shape - Group","hd":false},{"ty":"fl","c":{"a":0,"k":[1,1,1,1],"ix":4},"o":{"a":0,"k":30,"ix":5},"r":1,"bm":0,"nm":"Fill 1","mn":"ADBE Vector Graphic - Fill","hd":false},{"ty":"tr","p":{"a":0,"k":[778.347,751.754],"ix":2},"a":{"a":0,"k":[0,0],"ix":1},"s":{"a":0,"k":[100,100],"ix":3},"r":{"a":0,"k":0,"ix":6},"o":{"a":0,"k":100,"ix":7},"sk":{"a":0,"k":0,"ix":4},"sa":{"a":0,"k":0,"ix":5},"nm":"Transform"}],"nm":"Group 6","np":4,"cix":2,"bm":0,"ix":7,"mn":"ADBE Vector Group","hd":false},{"ty":"gr","it":[{"ind":0,"ty":"sh","ix":1,"ks":{"a":0,"k":{"i":[[0,0],[120.072,164.713],[17.736,110.641],[-263.304,134.064],[-5.977,67.104]],"o":[[0,0],[0,0],[2.688,3.936],[85.824,-43.704],[33.984,112.153]],"v":[[166.177,66.672],[-148.247,106.8],[-271.823,-78.552],[141.025,4.296],[266.305,-170.88]],"c":true},"ix":2},"nm":"Path 1","mn":"ADBE Vector Shape - Group","hd":false},{"ty":"fl","c":{"a":0,"k":[0.3835,0.2592,0.4608,1],"ix":4},"o":{"a":0,"k":5,"ix":5},"r":1,"bm":0,"nm":"Fill 1","mn":"ADBE Vector Graphic - Fill","hd":false},{"ty":"tr","p":{"a":0,"k":[777.647,976.847],"ix":2},"a":{"a":0,"k":[0,0],"ix":1},"s":{"a":0,"k":[100,100],"ix":3},"r":{"a":0,"k":0,"ix":6},"o":{"a":0,"k":100,"ix":7},"sk":{"a":0,"k":0,"ix":4},"sa":{"a":0,"k":0,"ix":5},"nm":"Transform"}],"nm":"Group 7","np":4,"cix":2,"bm":0,"ix":8,"mn":"ADBE Vector Group","hd":false},{"ty":"gr","it":[{"ind":0,"ty":"sh","ix":1,"ks":{"a":0,"k":{"i":[[0,0],[120.072,164.713],[17.736,110.641],[-77.4,76.848],[0,0],[-8.136,-26.927]],"o":[[0,0],[0,0],[-9.864,-61.343],[216.96,-215.4],[31.728,23.472],[33.984,112.153]],"v":[[156.876,183.18],[-157.548,223.307],[-281.124,37.955],[-196.332,-172.62],[199.284,-130.956],[257.004,-54.372]],"c":true},"ix":2},"nm":"Path 1","mn":"ADBE Vector Shape - Group","hd":false},{"ty":"fl","c":{"a":0,"k":[0.8994,0.7439,0.9961,1],"ix":4},"o":{"a":0,"k":100,"ix":5},"r":1,"bm":0,"nm":"Fill 1","mn":"ADBE Vector Graphic - Fill","hd":false},{"ty":"tr","p":{"a":0,"k":[786.948,860.34],"ix":2},"a":{"a":0,"k":[0,0],"ix":1},"s":{"a":0,"k":[100,100],"ix":3},"r":{"a":0,"k":0,"ix":6},"o":{"a":0,"k":100,"ix":7},"sk":{"a":0,"k":0,"ix":4},"sa":{"a":0,"k":0,"ix":5},"nm":"Transform"}],"nm":"Group 8","np":4,"cix":2,"bm":0,"ix":9,"mn":"ADBE Vector Group","hd":false},{"ty":"gr","it":[{"ind":0,"ty":"sh","ix":1,"ks":{"a":0,"k":{"i":[[45.542,28.437],[-23.071,-25.16],[-16.226,9.86]],"o":[[-6.86,9.947],[33.755,36.809],[-7.542,-13.261]],"v":[[-39.657,-40.397],[-32.57,16.095],[61.101,36.331]],"c":true},"ix":2},"nm":"Path 1","mn":"ADBE Vector Shape - Group","hd":false},{"ind":1,"ty":"sh","ix":2,"ks":{"a":0,"k":{"i":[[18.862,0],[22.807,24.865],[-14.613,14.189],[-3.735,-2.288],[-28.093,-19.852],[-0.546,-9.115],[3.867,-3.054]],"o":[[-24.844,0],[-34.739,-37.882],[3.143,-3.054],[0.284,0.171],[52.94,37.418],[0.295,4.974],[-10.589,8.365]],"v":[[29.409,63.424],[-46.721,29.072],[-48.393,-59.838],[-36.695,-61.136],[19.985,-23.756],[81.166,37.137],[75.63,49.587]],"c":true},"ix":2},"nm":"Path 2","mn":"ADBE Vector Shape - Group","hd":false},{"ty":"mm","mm":1,"nm":"Merge Paths 1","mn":"ADBE Vector Filter - Merge","hd":false},{"ty":"fl","c":{"a":0,"k":[0.3835,0.2592,0.4608,1],"ix":4},"o":{"a":0,"k":100,"ix":5},"r":1,"bm":0,"nm":"Fill 1","mn":"ADBE Vector Graphic - Fill","hd":false},{"ty":"tr","p":{"a":0,"k":[613.163,1069.985],"ix":2},"a":{"a":0,"k":[0,0],"ix":1},"s":{"a":0,"k":[100,100],"ix":3},"r":{"a":0,"k":0,"ix":6},"o":{"a":0,"k":100,"ix":7},"sk":{"a":0,"k":0,"ix":4},"sa":{"a":0,"k":0,"ix":5},"nm":"Transform"}],"nm":"Group 9","np":6,"cix":2,"bm":0,"ix":10,"mn":"ADBE Vector Group","hd":false},{"ty":"gr","it":[{"ind":0,"ty":"sh","ix":1,"ks":{"a":0,"k":{"i":[[0,0],[-37.613,-41.013],[-19.13,15.113]],"o":[[0,0],[37.613,41.013],[19.131,-15.113]],"v":[[-47.481,-58.272],[-45.42,17.259],[63.902,36.732]],"c":true},"ix":2},"nm":"Path 1","mn":"ADBE Vector Shape - Group","hd":false},{"ty":"fl","c":{"a":0,"k":[0.8994,0.7439,0.9961,1],"ix":4},"o":{"a":0,"k":100,"ix":5},"r":1,"bm":0,"nm":"Fill 1","mn":"ADBE Vector Graphic - Fill","hd":false},{"ty":"tr","p":{"a":0,"k":[618.938,1075.307],"ix":2},"a":{"a":0,"k":[0,0],"ix":1},"s":{"a":0,"k":[100,100],"ix":3},"r":{"a":0,"k":0,"ix":6},"o":{"a":0,"k":100,"ix":7},"sk":{"a":0,"k":0,"ix":4},"sa":{"a":0,"k":0,"ix":5},"nm":"Transform"}],"nm":"Group 10","np":4,"cix":2,"bm":0,"ix":11,"mn":"ADBE Vector Group","hd":false},{"ty":"gr","it":[{"ind":0,"ty":"sh","ix":1,"ks":{"a":0,"k":{"i":[[9.999,-6.788],[-13.207,-7.636],[36.562,34.026]],"o":[[28.104,45.748],[9.977,-16.153],[-24.994,-23.253]],"v":[[-44.973,-39.924],[31.021,61.387],[11.465,-32.426]],"c":true},"ix":2},"nm":"Path 1","mn":"ADBE Vector Shape - Group","hd":false},{"ind":1,"ty":"sh","ix":2,"ks":{"a":0,"k":{"i":[[4.526,0],[0.367,0.026],[37.031,53.212],[0.171,0.283],[-3.078,3.124],[-37.625,-35.013],[19.562,-24.394]],"o":[[-0.361,0],[-9.111,-0.609],[-19.648,-28.233],[-2.262,-3.755],[14.29,-14.508],[43.455,40.442],[-2.856,3.56]],"v":[[32.774,81.495],[31.68,81.456],[-28.768,19.835],[-65.736,-37.11],[-64.351,-48.802],[24.543,-46.482],[44.171,76.012]],"c":true},"ix":2},"nm":"Path 2","mn":"ADBE Vector Shape - Group","hd":false},{"ty":"mm","mm":1,"nm":"Merge Paths 1","mn":"ADBE Vector Filter - Merge","hd":false},{"ty":"fl","c":{"a":0,"k":[0.3835,0.2592,0.4608,1],"ix":4},"o":{"a":0,"k":100,"ix":5},"r":1,"bm":0,"nm":"Fill 1","mn":"ADBE Vector Graphic - Fill","hd":false},{"ty":"tr","p":{"a":0,"k":[977.567,713.025],"ix":2},"a":{"a":0,"k":[0,0],"ix":1},"s":{"a":0,"k":[100,100],"ix":3},"r":{"a":0,"k":0,"ix":6},"o":{"a":0,"k":100,"ix":7},"sk":{"a":0,"k":0,"ix":4},"sa":{"a":0,"k":0,"ix":5},"nm":"Transform"}],"nm":"Group 11","np":6,"cix":2,"bm":0,"ix":12,"mn":"ADBE Vector Group","hd":false},{"ty":"gr","it":[{"ind":0,"ty":"sh","ix":1,"ks":{"a":0,"k":{"i":[[0,0],[-40.739,-37.91],[15.252,-19.02]],"o":[[0,0],[40.738,37.911],[-15.252,19.02]],"v":[[-58.127,-47.896],[17.388,-45.285],[36.065,64.175]],"c":true},"ix":2},"nm":"Path 1","mn":"ADBE Vector Shape - Group","hd":false},{"ty":"fl","c":{"a":0,"k":[0.8994,0.7439,0.9961,1],"ix":4},"o":{"a":0,"k":100,"ix":5},"r":1,"bm":0,"nm":"Fill 1","mn":"ADBE Vector Graphic - Fill","hd":false},{"ty":"tr","p":{"a":0,"k":[978.182,718.857],"ix":2},"a":{"a":0,"k":[0,0],"ix":1},"s":{"a":0,"k":[100,100],"ix":3},"r":{"a":0,"k":0,"ix":6},"o":{"a":0,"k":100,"ix":7},"sk":{"a":0,"k":0,"ix":4},"sa":{"a":0,"k":0,"ix":5},"nm":"Transform"}],"nm":"Group 12","np":4,"cix":2,"bm":0,"ix":13,"mn":"ADBE Vector Group","hd":false},{"ty":"gr","it":[{"ind":0,"ty":"sh","ix":1,"ks":{"a":0,"k":{"i":[[0,0],[1.736,-66.026],[-48.227,-46.443],[-77.351,-0.002],[-67.819,32.2],[-18.29,70.742],[42.794,31.221],[52.137,-19.599],[33.359,1.073],[33.297,19.318],[60.727,-33.904]],"o":[[-56.048,31.289],[-1.695,64.291],[64.345,61.96],[102.129,0.004],[67.905,-32.243],[15.912,-61.533],[-77.63,-56.63],[-27.977,10.516],[-34.936,-1.083],[-62.557,-36.293],[0,0]],"v":[[-270.393,-184.9],[-357.479,-38.242],[-284.256,136.001],[-64.651,219.578],[206.467,149.715],[342.097,-12.332],[301.581,-152.113],[122.567,-170.633],[32.312,-150.273],[-70.52,-181.019],[-270.393,-184.898]],"c":true},"ix":2},"nm":"Path 1","mn":"ADBE Vector Shape - Group","hd":false},{"ind":1,"ty":"sh","ix":2,"ks":{"a":0,"k":{"i":[[105.743,-0.005],[68.611,66.074],[-1.835,69.671],[-61.507,34.336],[-68.385,-39.672],[-31.72,-0.984],[-27.437,10.314],[-86.007,-62.74],[17.822,-68.928],[73.058,-34.688]],"o":[[-81.513,0.005],[-52.104,-50.174],[1.903,-72.245],[66.609,-37.178],[30.519,17.706],[29.557,0.905],[54.614,-20.529],[49.086,35.81],[-19.72,76.263],[-69.832,33.157]],"v":[[-64.954,238.838],[-297.573,149.829],[-376.675,-38.749],[-279.749,-201.665],[-60.888,-197.627],[32.907,-169.464],[115.811,-188.605],[312.897,-167.624],[360.688,-7.527],[214.702,167.059]],"c":true},"ix":2},"nm":"Path 2","mn":"ADBE Vector Shape - Group","hd":false},{"ty":"mm","mm":1,"nm":"Merge Paths 1","mn":"ADBE Vector Filter - Merge","hd":false},{"ty":"fl","c":{"a":0,"k":[0.3835,0.2592,0.4608,1],"ix":4},"o":{"a":0,"k":100,"ix":5},"r":1,"bm":0,"nm":"Fill 1","mn":"ADBE Vector Graphic - Fill","hd":false},{"ty":"tr","p":{"a":0,"k":[1106.361,1050.676],"ix":2},"a":{"a":0,"k":[0,0],"ix":1},"s":{"a":0,"k":[100,100],"ix":3},"r":{"a":0,"k":0,"ix":6},"o":{"a":0,"k":100,"ix":7},"sk":{"a":0,"k":0,"ix":4},"sa":{"a":0,"k":0,"ix":5},"nm":"Transform"}],"nm":"Group 13","np":6,"cix":2,"bm":0,"ix":14,"mn":"ADBE Vector Group","hd":false},{"ty":"gr","it":[{"ind":0,"ty":"sh","ix":1,"ks":{"a":0,"k":{"i":[[-0.201,-0.259],[-2.184,-8.242],[-0.077,-8.579],[1.483,-8.546],[0.457,-2.125],[0,0],[0,0],[0,0],[0,0],[1.868,-3.955],[1.086,-1.898],[1.24,-1.795],[0,0],[1.484,-1.592],[0,0],[0,0],[0,0],[6.943,-5.088],[3.629,-2.279],[0,0],[32.814,-5.538],[0,0],[0,0],[0,0],[0,0],[4.176,-0.275],[17.018,1.304],[8.559,2.12],[8.169,4.631],[4.974,8.993],[1.084,4.881],[0.03,2.442],[-0.139,2.401],[-3.532,8.177],[-4.954,7.08],[-12.821,11.023],[-32.497,9.872],[-17.185,-0.109],[-8.326,-2.41],[-6.143,-6.285],[0.42,-0.41],[0.299,0.026],[0,0],[7.705,0.93],[7.768,-0.189],[14.879,-5.088],[13.577,-8.089],[11.745,-10.518],[8.747,-12.679],[2.945,-6.808],[0.348,-6.743],[-0.17,-1.613],[-0.226,-1.576],[-1.658,-2.614],[-6.033,-3.437],[-7.312,-1.778],[-7.737,-0.735],[-15.924,1.309],[-3.995,0.484],[0,0],[0,0],[0,0],[0,0],[-27.839,14.3],[-11.076,10.566],[-6.128,13.951],[0,0],[0,0],[0,0],[0,0],[-0.435,1.868],[-0.363,7.749],[0.256,7.885],[0.176,8.417],[0,0],[-0.594,0.014]],"o":[[5.368,6.962],[2.202,8.267],[-0.005,8.589],[-0.392,2.131],[0,0],[0,0],[0,0],[0,0],[-1.457,4.127],[-0.941,1.979],[-1.144,1.859],[0,0],[-1.299,1.754],[0,0],[0,0],[0,0],[-6.092,6.205],[-3.557,2.402],[0,0],[-30.284,15.752],[0,0],[0,0],[0,0],[0,0],[-4.118,0.491],[-16.637,1.336],[-8.515,-0.817],[-8.536,-2.098],[-8.091,-4.592],[-2.635,-4.367],[-0.393,-2.46],[-0.204,-2.468],[0.625,-9.614],[3.601,-8.169],[9.979,-14.127],[25.672,-21.97],[16.198,-4.96],[8.573,0.219],[8.276,2.45],[0.41,0.419],[-0.23,0.227],[0,0],[-8.576,-0.833],[-7.655,-0.978],[-15.514,0.403],[-14.916,5.015],[-13.568,8.113],[-11.779,10.456],[-4.369,6.325],[-2.895,6.787],[-0.078,1.679],[0,1.656],[0.745,3.045],[2.97,5.399],[6.061,3.434],[7.321,1.816],[15.583,1.17],[3.978,-0.265],[0,0],[0,0],[0,0],[0,0],[31.53,-5.434],[13.848,-7.228],[11.067,-10.557],[0,0],[0,0],[0,0],[0,0],[0.483,-1.852],[1.648,-7.499],[0.3,-7.765],[-0.315,-7.896],[0,0],[-0.012,-0.596],[0.353,-0.007]],"v":[[163.201,-105.779],[173.935,-82.541],[176.924,-57.109],[174.737,-31.351],[173.367,-24.986],[172.652,-21.806],[171.718,-18.68],[169.803,-12.432],[167.427,-6.336],[161.934,5.555],[158.661,11.231],[155.218,16.809],[151.36,22.1],[147.347,27.262],[143.055,32.188],[140.904,34.649],[138.575,36.921],[118.843,53.726],[108.165,60.945],[97.048,67.342],[1.294,98.1],[-11.039,100.065],[-17.205,101.044],[-23.391,101.77],[-35.764,103.179],[-48.186,104.403],[-98.671,104.902],[-124.295,100.962],[-149.585,91.347],[-170.529,71.17],[-175.832,56.993],[-176.72,49.617],[-176.664,42.345],[-169.623,15.758],[-156.585,-7.027],[-121.901,-44.486],[-34.073,-93.619],[16.315,-101.33],[41.899,-98.029],[64.254,-85.249],[64.236,-83.748],[63.397,-83.45],[63.374,-83.453],[39.433,-86.406],[16.346,-88.078],[-29.563,-79.509],[-72.356,-59.47],[-110.562,-31.527],[-141.774,3.281],[-152.934,23.027],[-158.346,43.593],[-158.352,48.563],[-157.76,53.336],[-154.455,61.977],[-140.35,75.16],[-119.944,82.803],[-97.155,86.251],[-49.707,85.676],[-37.741,84.476],[-25.762,83.093],[-19.778,82.384],[-13.842,81.428],[-1.971,79.52],[88.316,50.903],[126.067,24.24],[152.419,-12.713],[154.697,-17.953],[156.563,-23.362],[157.492,-26.073],[158.233,-28.844],[159.704,-34.401],[162.701,-57.323],[162.231,-80.734],[161.274,-105.022],[161.273,-105.099],[162.327,-106.199]],"c":true},"ix":2},"nm":"Path 1","mn":"ADBE Vector Shape - Group","hd":false},{"ty":"fl","c":{"a":0,"k":[0.4057,0.2698,0.4902,1],"ix":4},"o":{"a":0,"k":100,"ix":5},"r":1,"bm":0,"nm":"Fill 1","mn":"ADBE Vector Graphic - Fill","hd":false},{"ty":"tr","p":{"a":0,"k":[962.333,1118.408],"ix":2},"a":{"a":0,"k":[0,0],"ix":1},"s":{"a":0,"k":[100,100],"ix":3},"r":{"a":0,"k":0,"ix":6},"o":{"a":0,"k":100,"ix":7},"sk":{"a":0,"k":0,"ix":4},"sa":{"a":0,"k":0,"ix":5},"nm":"Transform"}],"nm":"Group 14","np":4,"cix":2,"bm":0,"ix":15,"mn":"ADBE Vector Group","hd":false},{"ty":"gr","it":[{"ind":0,"ty":"sh","ix":1,"ks":{"a":0,"k":{"i":[[3.442,3.96],[1.83,2.315],[1.692,2.34],[3.179,4.794],[5.226,10.25],[5.523,22.451],[-1.873,23.102],[-3.337,11.04],[-0.98,2.702],[-1.231,2.597],[0,0],[0,0],[-1.603,2.364],[-0.331,-0.226],[0.044,-0.269],[0,0],[0.606,-2.727],[0,0],[0,0],[0.507,-2.695],[0.451,-2.687],[-0.016,-10.852],[-1.694,-10.693],[-3.152,-10.38],[-4.236,-10.008],[-5.203,-9.562],[-6.026,-9.071],[-3.246,-4.342],[0,0],[-1.535,-1.81],[0,0],[4.044,-3.43]],"o":[[-2.115,-2.435],[-1.799,-2.283],[-3.417,-4.656],[-6.264,-9.645],[-10.582,-20.419],[-5.458,-22.433],[0.77,-11.536],[0.89,-2.747],[1.116,-2.661],[0,0],[0,0],[1.455,-2.476],[0.223,-0.333],[0.243,0.162],[0,0],[-0.46,2.839],[0,0],[0,0],[-0.454,2.74],[-0.363,2.732],[-1.578,10.778],[-0.161,10.818],[1.589,10.694],[3.115,10.38],[4.262,9.995],[5.249,9.538],[3.046,4.509],[0,0],[1.611,2.097],[0,0],[3.429,4.043],[-4.013,3.403]],"v":[[26.309,126.141],[20.633,119.238],[15.379,112.327],[5.571,98.106],[-11.802,68.319],[-36.305,3.803],[-42.433,-65.075],[-36.44,-99.148],[-33.679,-107.335],[-30.214,-115.244],[-28.406,-119.139],[-26.238,-122.875],[-21.671,-130.151],[-20.666,-130.345],[-20.356,-129.63],[-20.364,-129.581],[-21.982,-121.246],[-22.906,-117.175],[-23.652,-113.072],[-25.255,-104.972],[-26.519,-96.856],[-29.581,-64.484],[-27.353,-32.145],[-20.388,-0.454],[-9.447,30.185],[4.779,59.539],[21.608,87.532],[30.976,100.879],[35.846,107.365],[40.756,113.495],[40.877,113.637],[39.765,127.168]],"c":true},"ix":2},"nm":"Path 1","mn":"ADBE Vector Shape - Group","hd":false},{"ty":"fl","c":{"a":0,"k":[0.3835,0.2592,0.4608,1],"ix":4},"o":{"a":0,"k":100,"ix":5},"r":1,"bm":0,"nm":"Fill 1","mn":"ADBE Vector Graphic - Fill","hd":false},{"ty":"tr","p":{"a":0,"k":[1225.818,1114.132],"ix":2},"a":{"a":0,"k":[0,0],"ix":1},"s":{"a":0,"k":[100,100],"ix":3},"r":{"a":0,"k":0,"ix":6},"o":{"a":0,"k":100,"ix":7},"sk":{"a":0,"k":0,"ix":4},"sa":{"a":0,"k":0,"ix":5},"nm":"Transform"}],"nm":"Group 15","np":4,"cix":2,"bm":0,"ix":16,"mn":"ADBE Vector Group","hd":false},{"ty":"gr","it":[{"ind":0,"ty":"sh","ix":1,"ks":{"a":0,"k":{"i":[[0,0],[3.043,-1.577],[1.525,-0.86],[1.513,-0.884],[5.627,-4.158],[4.734,-5.122],[4.52,-6.133],[0,0],[0.363,0.269],[-0.006,0.258],[-3.967,6.697],[-5.357,5.602],[-6.131,4.664],[-3.257,2.076],[-3.802,1.939],[-2.409,-4.727],[4.727,-2.41],[0.129,-0.06]],"o":[[-2.807,1.265],[-1.558,0.788],[-1.551,0.819],[-6.067,3.505],[-5.55,4.226],[-4.684,5.172],[0,0],[-0.268,0.364],[-0.225,-0.164],[0.243,-7.795],[4.131,-6.606],[5.354,-5.605],[3.057,-2.354],[3.296,-2.128],[4.726,-2.409],[2.41,4.725],[-0.128,0.064],[0,0]],"v":[[29.761,-16.027],[20.583,-11.596],[15.96,-9.121],[11.367,-6.565],[-6.277,4.847],[-21.949,18.676],[-35.439,35.348],[-35.463,35.38],[-36.606,35.553],[-36.939,34.869],[-29.806,12.813],[-15.44,-5.494],[1.916,-20.791],[11.397,-27.408],[21.615,-33.413],[34.534,-29.217],[30.339,-16.298],[29.953,-16.112]],"c":true},"ix":2},"nm":"Path 1","mn":"ADBE Vector Shape - Group","hd":false},{"ty":"fl","c":{"a":0,"k":[0.3835,0.2592,0.4608,1],"ix":4},"o":{"a":0,"k":100,"ix":5},"r":1,"bm":0,"nm":"Fill 1","mn":"ADBE Vector Graphic - Fill","hd":false},{"ty":"tr","p":{"a":0,"k":[1190.074,899.434],"ix":2},"a":{"a":0,"k":[0,0],"ix":1},"s":{"a":0,"k":[100,100],"ix":3},"r":{"a":0,"k":0,"ix":6},"o":{"a":0,"k":100,"ix":7},"sk":{"a":0,"k":0,"ix":4},"sa":{"a":0,"k":0,"ix":5},"nm":"Transform"}],"nm":"Group 16","np":4,"cix":2,"bm":0,"ix":17,"mn":"ADBE Vector Group","hd":false},{"ty":"gr","it":[{"ind":0,"ty":"sh","ix":1,"ks":{"a":0,"k":{"i":[[-68.03,37.982],[-64.608,-37.488],[-39,-1.2],[-124.464,-90.792],[-7.703,-11.544],[-1.582,-19.894],[16.495,24.724],[13.344,9.72],[91.799,2.856],[25.704,14.904],[65.208,-36.408],[1.44,-53.928],[-0.312,-6.009]],"o":[[65.208,-36.408],[25.704,14.904],[91.799,2.856],[13.344,9.72],[11.787,17.667],[2.076,-28.121],[-7.703,-11.544],[-124.464,-90.792],[-39,-1.2],[-64.608,-37.488],[-70.584,39.408],[-0.158,6.065],[2.722,-52.464]],"v":[[-270.559,-49.551],[-61.183,-45.591],[37.121,-16.143],[311.753,-16.143],[343.048,15.945],[362.191,72.903],[343.048,-8.055],[311.753,-40.143],[37.121,-40.143],[-61.183,-69.591],[-270.559,-73.551],[-362.575,81.225],[-362.336,99.341]],"c":true},"ix":2},"nm":"Path 1","mn":"ADBE Vector Shape - Group","hd":false},{"ty":"fl","c":{"a":0,"k":[1,1,1,1],"ix":4},"o":{"a":0,"k":100,"ix":5},"r":1,"bm":0,"nm":"Fill 1","mn":"ADBE Vector Graphic - Fill","hd":false},{"ty":"tr","p":{"a":0,"k":[1101.847,930.951],"ix":2},"a":{"a":0,"k":[0,0],"ix":1},"s":{"a":0,"k":[100,100],"ix":3},"r":{"a":0,"k":0,"ix":6},"o":{"a":0,"k":100,"ix":7},"sk":{"a":0,"k":0,"ix":4},"sa":{"a":0,"k":0,"ix":5},"nm":"Transform"}],"nm":"Group 17","np":4,"cix":2,"bm":0,"ix":18,"mn":"ADBE Vector Group","hd":false},{"ty":"gr","it":[{"ind":0,"ty":"sh","ix":1,"ks":{"a":0,"k":{"i":[[10.248,-39.576],[69.264,-32.904],[154.176,148.464],[11.904,41.929],[0,0],[-16.675,-28.121],[-7.045,4.792],[-76.001,-13.572],[26.233,49.153],[-11.049,-23.336],[-3.213,10.815],[-18.401,16.801],[0.073,-15.328],[-38.199,29.628],[-30.947,6.83],[2.68,45.113],[0.03,0.467]],"o":[[-19.2,74.256],[-118.799,56.399],[-32.04,-30.839],[0,0],[0,0],[4.346,7.329],[26.936,-18.318],[0,0],[0,0],[4.827,10.198],[6.248,-21.029],[0,0],[-0.229,48.341],[19.872,-15.414],[44.13,-9.739],[-0.028,-0.468],[23.76,35.616]],"v":[[351.422,-60.599],[210.614,107.737],[-290.89,92.256],[-358.162,-18.984],[-226.93,-4.032],[-178.852,55.802],[-157.868,60.465],[9.158,20.161],[17.126,-88.32],[40.243,-53.698],[63.067,-55.398],[98.462,-117.072],[97.406,-91.783],[190.988,-45.525],[266.862,-81.239],[338.644,-177.036],[338.558,-178.439]],"c":true},"ix":2},"nm":"Path 1","mn":"ADBE Vector Shape - Group","hd":false},{"ty":"fl","c":{"a":0,"k":[0.3835,0.2592,0.4608,1],"ix":4},"o":{"a":0,"k":20,"ix":5},"r":1,"bm":0,"nm":"Fill 1","mn":"ADBE Vector Graphic - Fill","hd":false},{"ty":"tr","p":{"a":0,"k":[1106.338,1101.335],"ix":2},"a":{"a":0,"k":[0,0],"ix":1},"s":{"a":0,"k":[100,100],"ix":3},"r":{"a":0,"k":0,"ix":6},"o":{"a":0,"k":100,"ix":7},"sk":{"a":0,"k":0,"ix":4},"sa":{"a":0,"k":0,"ix":5},"nm":"Transform"}],"nm":"Group 18","np":4,"cix":2,"bm":0,"ix":19,"mn":"ADBE Vector Group","hd":false},{"ty":"gr","it":[{"ind":0,"ty":"sh","ix":1,"ks":{"a":0,"k":{"i":[[12.086,83.555],[69.038,-110.076],[-1.926,-4.057],[-2.754,-10.404],[34.748,-2.463]],"o":[[0,0],[-2.386,3.806],[2.787,5.871],[0,0],[0,0]],"v":[[33.222,-97.723],[6.965,59.458],[6.197,72.092],[15.736,97.723],[-46.33,87.029]],"c":true},"ix":2},"nm":"Path 1","mn":"ADBE Vector Shape - Group","hd":false},{"ty":"fl","c":{"a":0,"k":[0.3835,0.2592,0.4608,1],"ix":4},"o":{"a":0,"k":30,"ix":5},"r":1,"bm":0,"nm":"Fill 1","mn":"ADBE Vector Graphic - Fill","hd":false},{"ty":"tr","p":{"a":0,"k":[1009.75,936.078],"ix":2},"a":{"a":0,"k":[0,0],"ix":1},"s":{"a":0,"k":[100,100],"ix":3},"r":{"a":0,"k":0,"ix":6},"o":{"a":0,"k":100,"ix":7},"sk":{"a":0,"k":0,"ix":4},"sa":{"a":0,"k":0,"ix":5},"nm":"Transform"}],"nm":"Group 19","np":4,"cix":2,"bm":0,"ix":20,"mn":"ADBE Vector Group","hd":false},{"ty":"gr","it":[{"ind":0,"ty":"sh","ix":1,"ks":{"a":0,"k":{"i":[[10.248,-39.576],[69.264,-32.904],[154.176,148.464],[11.904,41.929],[-0.624,23.977],[-70.584,39.408],[-64.608,-37.488],[-39,-1.2],[-124.464,-90.792],[-7.703,-11.544]],"o":[[-19.2,74.256],[-118.799,56.399],[-32.04,-30.839],[-6.432,-22.584],[1.44,-53.927],[65.208,-36.409],[25.704,14.904],[91.8,2.856],[13.345,9.72],[23.76,35.616]],"v":[[354.108,-30.3],[213.3,138.036],[-288.204,122.555],[-355.476,11.315],[-364.38,-58.861],[-272.364,-213.635],[-62.988,-209.676],[35.316,-180.228],[309.948,-180.228],[341.244,-148.14]],"c":true},"ix":2},"nm":"Path 1","mn":"ADBE Vector Shape - Group","hd":false},{"ty":"fl","c":{"a":0,"k":[0.6275,0.1255,0.9412,1],"ix":4},"o":{"a":0,"k":100,"ix":5},"r":1,"bm":0,"nm":"Fill 1","mn":"ADBE Vector Graphic - Fill","hd":false},{"ty":"tr","p":{"a":0,"k":[1103.652,1071.036],"ix":2},"a":{"a":0,"k":[0,0],"ix":1},"s":{"a":0,"k":[100,100],"ix":3},"r":{"a":0,"k":0,"ix":6},"o":{"a":0,"k":100,"ix":7},"sk":{"a":0,"k":0,"ix":4},"sa":{"a":0,"k":0,"ix":5},"nm":"Transform"}],"nm":"Group 20","np":4,"cix":2,"bm":0,"ix":21,"mn":"ADBE Vector Group","hd":false}],"ip":0,"op":300,"st":0,"bm":0},{"ddd":0,"ind":5,"ty":4,"nm":"cloud Outlines","sr":1,"ks":{"o":{"a":0,"k":100,"ix":11},"r":{"a":0,"k":0,"ix":10},"p":{"a":0,"k":[960,960,0],"ix":2},"a":{"a":0,"k":[960,960,0],"ix":1},"s":{"a":0,"k":[100,100,100],"ix":6}},"ao":0,"shapes":[{"ty":"gr","it":[{"ind":0,"ty":"sh","ix":1,"ks":{"a":0,"k":{"i":[[56.25,14.875],[46.095,-15.108],[0,0],[22.5,3.125],[23.875,-10.5],[0,0],[23.75,12.5],[23.864,4.279],[21.25,-4.75],[21.938,-13.846],[15.75,-18.5],[0,0],[15.008,-2.293],[28.193,-11.588],[22.15,-18.787],[1.172,-47.457],[-5.52,-13.355],[-63,-13.75],[-19.78,7.369],[0,0],[-11.131,-21.897],[-19.363,-20.642],[-20.012,-13.621],[-22.144,-8.986],[-41.623,-2.896],[-35.791,5.567],[-31.747,14.218],[-19.66,15.696],[-36.5,43.25],[0,0],[-25.817,-8.81],[-33.47,0.175],[-29.404,9.961],[-16.979,16.979],[-8.336,27.251],[0,30.513],[34.902,39.394],[54.574,13.499],[0,0],[36.913,29.632]],"o":[[-41.107,-10.871],[-52.25,17.125],[0,0],[-18.584,-2.581],[-23.875,10.5],[0,0],[-21.454,-11.292],[-24.955,-4.475],[-25.318,5.659],[-18.888,11.921],[-10.376,12.188],[0,0],[-36,5.5],[-26.863,11.042],[-67.5,57.25],[-0.88,35.643],[31,75],[32.582,7.111],[51,-19],[0,0],[15.25,30],[26.5,28.25],[19.756,13.447],[34.5,14],[36.134,2.514],[22.5,-3.5],[22.96,-10.283],[21.92,-17.501],[17.366,-20.578],[0,0],[31.677,10.81],[31.045,-0.162],[22.741,-7.704],[50.375,-50.375],[9.122,-29.822],[0,-56.25],[-25.25,-28.5],[-70.75,-17.5],[0,0],[-27.25,-21.875]],"v":[[1218.25,734.875],[1089,739.5],[997.875,787.375],[964.375,776.625],[902.625,787.125],[860,819.5],[827,797.875],[750.875,769.875],[679,769],[614.625,795.625],[563,843.625],[536.5,881.5],[501.25,883],[420,902.25],[350,942],[275,1122],[290.5,1221.5],[435,1344],[540,1340],[617.25,1297.25],[639,1353.5],[686.5,1425.5],[737.5,1470.75],[796.75,1503],[910,1525.5],[1012,1519.5],[1105.5,1489],[1168,1451],[1228,1391.25],[1267,1324.875],[1339.5,1355.5],[1438,1369.5],[1525.5,1354],[1596,1308],[1677.25,1176.875],[1695.75,1072.75],[1640,930],[1523.75,858.75],[1399,870],[1330,794]],"c":true},"ix":2},"nm":"Path 1","mn":"ADBE Vector Shape - Group","hd":false},{"ty":"tm","s":{"a":0,"k":0,"ix":1},"e":{"a":0,"k":100,"ix":2},"o":{"a":0,"k":49,"ix":3},"m":1,"ix":2,"nm":"Trim Paths 1","mn":"ADBE Vector Filter - Trim","hd":false},{"ty":"st","c":{"a":0,"k":[0.3835,0.2592,0.4608,1],"ix":3},"o":{"a":0,"k":100,"ix":4},"w":{"a":0,"k":26,"ix":5},"lc":2,"lj":1,"ml":4,"bm":0,"nm":"Stroke 1","mn":"ADBE Vector Graphic - Stroke","hd":false},{"ty":"tr","p":{"a":0,"k":[0,0],"ix":2},"a":{"a":0,"k":[0,0],"ix":1},"s":{"a":0,"k":[100,100],"ix":3},"r":{"a":0,"k":0,"ix":6},"o":{"a":0,"k":100,"ix":7},"sk":{"a":0,"k":0,"ix":4},"sa":{"a":0,"k":0,"ix":5},"nm":"Transform"}],"nm":"Shape 1","np":3,"cix":2,"bm":0,"ix":1,"mn":"ADBE Vector Group","hd":false},{"ty":"gr","it":[{"ind":0,"ty":"sh","ix":1,"ks":{"a":0,"k":{"i":[[131.143,-216],[-4.628,-256.114],[-74.057,86.401],[-263.828,0],[0,0],[-129.601,256.885],[148.114,-75.6],[239.144,-172.801],[70.971,-73.028]],"o":[[0,0],[4.629,256.115],[0,0],[263.829,0],[0,0],[129.599,-256.886],[0,0],[0,0],[0,0]],"v":[[-492.172,-189],[-754.458,57.857],[-410.401,224.485],[-99.515,455.915],[238.371,254.572],[630.987,150.679],[370.787,-199.464],[-30.858,-283.113],[-168.686,-251.228]],"c":true},"ix":2},"nm":"Path 1","mn":"ADBE Vector Shape - Group","hd":false},{"ty":"fl","c":{"a":0,"k":[1,1,1,1],"ix":4},"o":{"a":0,"k":100,"ix":5},"r":1,"bm":0,"nm":"Fill 1","mn":"ADBE Vector Graphic - Fill","hd":false},{"ty":"tr","p":{"a":0,"k":[1028.571,1070.314],"ix":2},"a":{"a":0,"k":[0,0],"ix":1},"s":{"a":0,"k":[100,100],"ix":3},"r":{"a":0,"k":0,"ix":6},"o":{"a":0,"k":100,"ix":7},"sk":{"a":0,"k":0,"ix":4},"sa":{"a":0,"k":0,"ix":5},"nm":"Transform"}],"nm":"Group 3","np":4,"cix":2,"bm":0,"ix":4,"mn":"ADBE Vector Group","hd":false}],"ip":0,"op":300,"st":0,"bm":0}],"markers":[]}