{"v":"5.1.7","fr":25,"ip":1,"op":35,"w":500,"h":500,"nm":"baby girl 3","ddd":0,"assets":[],"layers":[{"ddd":0,"ind":1,"ty":4,"nm":"Shape Layer 1","parent":2,"sr":1,"ks":{"o":{"a":0,"k":100,"ix":11},"r":{"a":1,"k":[{"i":{"x":[0.667],"y":[1]},"o":{"x":[0.26],"y":[-2.453]},"n":["0p667_1_0p26_-2p453"],"t":1,"s":[57.342],"e":[58.047]},{"i":{"x":[0.667],"y":[1]},"o":{"x":[0.333],"y":[0]},"n":["0p667_1_0p333_0"],"t":10,"s":[58.047],"e":[55.422]},{"i":{"x":[0.667],"y":[0.703]},"o":{"x":[0.333],"y":[0]},"n":["0p667_0p703_0p333_0"],"t":21,"s":[55.422],"e":[57.876]},{"i":{"x":[0.637],"y":[-0.138]},"o":{"x":[0.333],"y":[-1.149]},"n":["0p637_-0p138_0p333_-1p149"],"t":29,"s":[57.876],"e":[57.4]},{"t":35}],"ix":10},"p":{"a":0,"k":[-56.54,-316.131,0],"ix":2},"a":{"a":0,"k":[-68.267,-167.889,0],"ix":1},"s":{"a":0,"k":[116.279,116.279,100],"ix":6}},"ao":0,"shapes":[{"ty":"gr","it":[{"d":1,"ty":"el","s":{"a":0,"k":[20,20],"ix":2},"p":{"a":0,"k":[0,0],"ix":3},"nm":"Ellipse Path 1","mn":"ADBE Vector Shape - Ellipse","hd":false},{"ty":"fl","c":{"a":0,"k":[1,1,1,1],"ix":4},"o":{"a":0,"k":100,"ix":5},"r":1,"nm":"Fill 1","mn":"ADBE Vector Graphic - Fill","hd":false},{"ty":"tr","p":{"a":0,"k":[-27.5,-164.5],"ix":2},"a":{"a":0,"k":[0,0],"ix":1},"s":{"a":0,"k":[100,100],"ix":3},"r":{"a":0,"k":0,"ix":6},"o":{"a":0,"k":100,"ix":7},"sk":{"a":0,"k":0,"ix":4},"sa":{"a":0,"k":0,"ix":5},"nm":"Transform"}],"nm":"Ellipse 1","np":2,"cix":2,"ix":1,"mn":"ADBE Vector Group","hd":false},{"ty":"rp","c":{"a":0,"k":7,"ix":1},"o":{"a":0,"k":0,"ix":2},"m":1,"ix":2,"tr":{"ty":"tr","p":{"a":0,"k":[3,8],"ix":2},"a":{"a":0,"k":[-12,-179],"ix":1},"s":{"a":0,"k":[100,100],"ix":3},"r":{"a":0,"k":98,"ix":4},"so":{"a":0,"k":100,"ix":5},"eo":{"a":0,"k":100,"ix":6},"nm":"Transform"},"nm":"Repeater 1","mn":"ADBE Vector Filter - Repeater","hd":false},{"ty":"gr","it":[{"ind":0,"ty":"sh","ix":1,"ks":{"a":0,"k":{"i":[[0,0],[9.42,-11.468],[-10.422,-0.977],[0,0]],"o":[[0,0],[-15.795,19.229],[8,0.75],[0,0]],"v":[[-42.5,-233.5],[-27.25,-207.75],[-30,-167.25],[-14,-148]],"c":false},"ix":2},"nm":"Path 1","mn":"ADBE Vector Shape - Group","hd":false},{"ind":1,"ty":"sh","ix":2,"ks":{"a":0,"k":{"i":[[0,0],[8,-12.5],[-10.386,-1.298],[0,0],[-5.93,-25.739],[-1.388,-13.372]],"o":[[0,0],[-8,12.5],[30,3.75],[0,0],[1.759,7.633],[1.697,16.353]],"v":[[-42.5,-233.5],[-8.75,-210.75],[-11.25,-182.75],[-9.5,-217.75],[-23.865,-188.032],[-25,-162]],"c":false},"ix":2},"nm":"Path 2","mn":"ADBE Vector Shape - Group","hd":false},{"ty":"st","c":{"a":0,"k":[1,1,1,1],"ix":3},"o":{"a":0,"k":100,"ix":4},"w":{"a":0,"k":3,"ix":5},"lc":1,"lj":1,"ml":4,"nm":"Stroke 1","mn":"ADBE Vector Graphic - Stroke","hd":false},{"ty":"tr","p":{"a":0,"k":[-3.567,-159.949],"ix":2},"a":{"a":0,"k":[-15.567,-188.949],"ix":1},"s":{"a":0,"k":[100,100],"ix":3},"r":{"a":0,"k":-48,"ix":6},"o":{"a":0,"k":100,"ix":7},"sk":{"a":0,"k":0,"ix":4},"sa":{"a":0,"k":0,"ix":5},"nm":"Transform"}],"nm":"Shape 1","np":3,"cix":2,"ix":3,"mn":"ADBE Vector Group","hd":false}],"ip":0,"op":53,"st":0,"bm":0},{"ddd":0,"ind":2,"ty":3,"nm":"Null 2","sr":1,"ks":{"o":{"a":0,"k":0,"ix":11},"r":{"a":0,"k":0,"ix":10},"p":{"a":0,"k":[250,294,0],"ix":2},"a":{"a":0,"k":[0,0,0],"ix":1},"s":{"a":0,"k":[86,86,100],"ix":6}},"ao":0,"ip":0,"op":53,"st":0,"bm":0},{"ddd":0,"ind":3,"ty":3,"nm":"Null 1","parent":2,"sr":1,"ks":{"o":{"a":0,"k":0,"ix":11},"r":{"a":0,"k":0,"ix":10},"p":{"s":true,"x":{"a":0,"k":3,"ix":3},"y":{"a":1,"k":[{"i":{"x":[0.265],"y":[1.049]},"o":{"x":[0.369],"y":[0.01]},"n":["0p265_1p049_0p369_0p01"],"t":13,"s":[223],"e":[92.253]},{"i":{"x":[0.871],"y":[0.59]},"o":{"x":[0.653],"y":[0.049]},"n":["0p871_0p59_0p653_0p049"],"t":20,"s":[92.253],"e":[223]},{"t":28}],"ix":4}},"a":{"a":0,"k":[0,0,0],"ix":1},"s":{"a":0,"k":[100,100,100],"ix":6}},"ao":0,"ip":-5,"op":60,"st":7,"bm":0},{"ddd":0,"ind":4,"ty":4,"nm":"face","parent":3,"sr":1,"ks":{"o":{"a":0,"k":100,"ix":11},"r":{"a":1,"k":[{"i":{"x":[0.321],"y":[0.845]},"o":{"x":[1.022],"y":[0]},"n":["0p321_0p845_1p022_0"],"t":8,"s":[0],"e":[-7.812]},{"i":{"x":[0.602],"y":[1]},"o":{"x":[0.273],"y":[0.645]},"n":["0p602_1_0p273_0p645"],"t":12,"s":[-7.812],"e":[-8]},{"i":{"x":[0.692],"y":[1]},"o":{"x":[0.359],"y":[0]},"n":["0p692_1_0p359_0"],"t":13,"s":[-8],"e":[11]},{"i":{"x":[0.692],"y":[-0.486]},"o":{"x":[0.359],"y":[0]},"n":["0p692_-0p486_0p359_0"],"t":16,"s":[11],"e":[13.024]},{"i":{"x":[0.667],"y":[1]},"o":{"x":[0.412],"y":[-0.544]},"n":["0p667_1_0p412_-0p544"],"t":21,"s":[13.024],"e":[2.682]},{"i":{"x":[0.24],"y":[1]},"o":{"x":[0.333],"y":[0]},"n":["0p24_1_0p333_0"],"t":28,"s":[2.682],"e":[0]},{"t":33}],"ix":10},"p":{"a":1,"k":[{"i":{"x":0.175,"y":0.856},"o":{"x":0.229,"y":0},"n":"0p175_0p856_0p229_0","t":8,"s":[-3,-163,0],"e":[-3,-106.158,0],"to":[0,0,0],"ti":[0,-8.17343235015869,0]},{"i":{"x":0.635,"y":1},"o":{"x":0.303,"y":0.647},"n":"0p635_1_0p303_0p647","t":12,"s":[-3,-106.158,0],"e":[-3,-105,0],"to":[0,0.74924337863922,0],"ti":[0,0,0]},{"i":{"x":0.692,"y":0.996},"o":{"x":0.359,"y":0},"n":"0p692_0p996_0p359_0","t":13,"s":[-3,-105,0],"e":[-3,-162.917,0],"to":[0,0.0260279905051,0],"ti":[0,0,0]},{"i":{"x":0.694,"y":0.333},"o":{"x":0.363,"y":0.825},"n":"0p694_0p333_0p363_0p825","t":17,"s":[-3,-162.917,0],"e":[-3,-162.601,0],"to":[0,0,0],"ti":[0,0,0]},{"i":{"x":0.667,"y":1},"o":{"x":0.404,"y":0.029},"n":"0p667_1_0p404_0p029","t":21,"s":[-3,-162.601,0],"e":[-3,-153,0],"to":[0,0,0],"ti":[0,0,0]},{"i":{"x":0.667,"y":1},"o":{"x":0.333,"y":0},"n":"0p667_1_0p333_0","t":25,"s":[-3,-153,0],"e":[-3,-135,0],"to":[0,0,0],"ti":[0,1.66666662693024,0]},{"i":{"x":0.24,"y":1},"o":{"x":0.333,"y":0},"n":"0p24_1_0p333_0","t":28,"s":[-3,-135,0],"e":[-3,-163,0],"to":[0,0,0],"ti":[0,0,0]},{"t":33}],"ix":2},"a":{"a":0,"k":[0,0,0],"ix":1},"s":{"a":1,"k":[{"i":{"x":[0.168,0.168,0.168],"y":[1,0.88,1]},"o":{"x":[0.191,0.191,0.191],"y":[0,0.155,0]},"n":["0p168_1_0p191_0","0p168_0p88_0p191_0p155","0p168_1_0p191_0"],"t":8,"s":[100,100,100],"e":[100,89.183,100]},{"i":{"x":[0.636,0.636,0.636],"y":[1,1,1]},"o":{"x":[0.304,0.304,0.304],"y":[0,0.649,0]},"n":["0p636_1_0p304_0","0p636_1_0p304_0p649","0p636_1_0p304_0"],"t":12,"s":[100,89.183,100],"e":[100,89,100]},{"i":{"x":[0.833,0.833,0.833],"y":[0.833,0.833,0.833]},"o":{"x":[0.167,0.167,0.167],"y":[0.167,0.167,0.167]},"n":["0p833_0p833_0p167_0p167","0p833_0p833_0p167_0p167","0p833_0p833_0p167_0p167"],"t":13,"s":[100,89,100],"e":[100,100,100]},{"i":{"x":[0.833,0.833,0.833],"y":[0.833,0.833,0.833]},"o":{"x":[0.167,0.167,0.167],"y":[0.167,0.167,0.167]},"n":["0p833_0p833_0p167_0p167","0p833_0p833_0p167_0p167","0p833_0p833_0p167_0p167"],"t":16,"s":[100,100,100],"e":[100,100,100]},{"t":21}],"ix":6}},"ao":0,"shapes":[{"ty":"gr","it":[{"ty":"fl","c":{"a":0,"k":[1,0.611764705882,0.611764705882,1],"ix":4},"o":{"a":0,"k":100,"ix":5},"r":1,"nm":"Fill 1","mn":"ADBE Vector Graphic - Fill","hd":false},{"ty":"tr","p":{"a":0,"k":[0,0],"ix":2},"a":{"a":0,"k":[0,0],"ix":1},"s":{"a":0,"k":[100,100],"ix":3},"r":{"a":0,"k":0,"ix":6},"o":{"a":0,"k":100,"ix":7},"sk":{"a":0,"k":0,"ix":4},"sa":{"a":0,"k":0,"ix":5},"nm":"Transform"}],"nm":"Shape 1","np":2,"cix":2,"ix":1,"mn":"ADBE Vector Group","hd":false},{"ty":"gr","it":[{"ind":0,"ty":"sh","ix":1,"ks":{"a":1,"k":[{"i":{"x":0.833,"y":0.833},"o":{"x":0.9,"y":0},"n":"0p833_0p833_0p9_0","t":8,"s":[{"i":[[0.308,-1.125],[4.139,14.901],[-11.208,-3.986]],"o":[[-15.692,4.5],[-0.393,-1.415],[14.97,5.325]],"v":[[40.379,-107.063],[-13.144,-124.65],[13.645,-125.326]],"c":true}],"e":[{"i":[[0.308,-1.125],[4.139,14.901],[-11.208,-3.986]],"o":[[-15.692,4.5],[-0.393,-1.415],[14.97,5.325]],"v":[[40.379,-107.063],[-13.144,-124.65],[13.645,-125.326]],"c":true}]},{"i":{"x":0.13,"y":1},"o":{"x":0.167,"y":0.167},"n":"0p13_1_0p167_0p167","t":12,"s":[{"i":[[0.308,-1.125],[4.139,14.901],[-11.208,-3.986]],"o":[[-15.692,4.5],[-0.393,-1.415],[14.97,5.325]],"v":[[40.379,-107.063],[-13.144,-124.65],[13.645,-125.326]],"c":true}],"e":[{"i":[[0.308,-1.125],[4.139,14.901],[-11.208,-3.986]],"o":[[-15.692,4.5],[-0.393,-1.415],[14.97,5.325]],"v":[[40.379,-107.063],[-13.144,-124.65],[13.645,-125.326]],"c":true}]},{"i":{"x":0.833,"y":0.833},"o":{"x":0.83,"y":0},"n":"0p833_0p833_0p83_0","t":13,"s":[{"i":[[0.308,-1.125],[4.139,14.901],[-11.208,-3.986]],"o":[[-15.692,4.5],[-0.393,-1.415],[14.97,5.325]],"v":[[40.379,-107.063],[-13.144,-124.65],[13.645,-125.326]],"c":true}],"e":[{"i":[[0.308,-1.125],[4.139,14.901],[-11.208,-3.986]],"o":[[-15.692,4.5],[-0.393,-1.415],[14.97,5.325]],"v":[[40.379,-107.063],[-13.144,-124.65],[13.645,-125.326]],"c":true}]},{"i":{"x":0.833,"y":0.833},"o":{"x":0.167,"y":0.167},"n":"0p833_0p833_0p167_0p167","t":16,"s":[{"i":[[0.308,-1.125],[4.139,14.901],[-11.208,-3.986]],"o":[[-15.692,4.5],[-0.393,-1.415],[14.97,5.325]],"v":[[40.379,-107.063],[-13.144,-124.65],[13.645,-125.326]],"c":true}],"e":[{"i":[[0.308,-1.125],[4.139,14.901],[-11.208,-3.986]],"o":[[-15.692,4.5],[-0.393,-1.415],[14.97,5.325]],"v":[[40.379,-107.063],[-13.144,-124.65],[13.645,-125.326]],"c":true}]},{"i":{"x":0.667,"y":1},"o":{"x":0.167,"y":0.167},"n":"0p667_1_0p167_0p167","t":21,"s":[{"i":[[0.308,-1.125],[4.139,14.901],[-11.208,-3.986]],"o":[[-15.692,4.5],[-0.393,-1.415],[14.97,5.325]],"v":[[40.379,-107.063],[-13.144,-124.65],[13.645,-125.326]],"c":true}],"e":[{"i":[[0.308,-1.125],[4.139,14.901],[-11.208,-3.986]],"o":[[-15.692,4.5],[-0.393,-1.415],[14.97,5.325]],"v":[[40.379,-107.063],[-13.144,-124.65],[13.645,-125.326]],"c":true}]},{"i":{"x":0.667,"y":1},"o":{"x":0.333,"y":0},"n":"0p667_1_0p333_0","t":25,"s":[{"i":[[0.308,-1.125],[4.139,14.901],[-11.208,-3.986]],"o":[[-15.692,4.5],[-0.393,-1.415],[14.97,5.325]],"v":[[40.379,-107.063],[-13.144,-124.65],[13.645,-125.326]],"c":true}],"e":[{"i":[[0.308,-1.125],[4.139,14.901],[-11.208,-3.986]],"o":[[-15.692,4.5],[-0.393,-1.415],[14.97,5.325]],"v":[[40.379,-107.063],[-13.144,-124.65],[13.645,-125.326]],"c":true}]},{"i":{"x":0.24,"y":1},"o":{"x":0.333,"y":0},"n":"0p24_1_0p333_0","t":28,"s":[{"i":[[0.308,-1.125],[4.139,14.901],[-11.208,-3.986]],"o":[[-15.692,4.5],[-0.393,-1.415],[14.97,5.325]],"v":[[40.379,-107.063],[-13.144,-124.65],[13.645,-125.326]],"c":true}],"e":[{"i":[[0.308,-1.125],[4.139,14.901],[-11.208,-3.986]],"o":[[-15.692,4.5],[-0.393,-1.415],[14.97,5.325]],"v":[[40.379,-107.063],[-13.144,-124.65],[13.645,-125.326]],"c":true}]},{"t":33}],"ix":2},"nm":"Path 3","mn":"ADBE Vector Shape - Group","hd":false},{"ty":"fl","c":{"a":0,"k":[0.552941203117,0.166966542602,0.166966542602,1],"ix":4},"o":{"a":0,"k":100,"ix":5},"r":1,"nm":"Fill 2","mn":"ADBE Vector Graphic - Fill","hd":false},{"ind":2,"ty":"sh","ix":3,"ks":{"a":0,"k":{"i":[[8.023,-2.703],[9.045,0],[6.601,23.765],[-21.117,-7.535]],"o":[[-7.573,3.789],[-25.868,0],[-0.627,-2.256],[23.868,8.517]],"v":[[52.164,-85.109],[27,-79.188],[-27.264,-120.395],[16.26,-124.266]],"c":true},"ix":2},"nm":"Path 2","mn":"ADBE Vector Shape - Group","hd":false},{"ty":"fl","c":{"a":0,"k":[0.611764729023,0.223529413342,0.223529413342,1],"ix":4},"o":{"a":0,"k":100,"ix":5},"r":1,"nm":"Fill 3","mn":"ADBE Vector Graphic - Fill","hd":false},{"ty":"tr","p":{"a":1,"k":[{"i":{"x":0.321,"y":0.845},"o":{"x":1.022,"y":0},"n":"0p321_0p845_1p022_0","t":8,"s":[-5.688,-88.188],"e":[-5.688,-59.87],"to":[0,0],"ti":[0,0]},{"i":{"x":0.602,"y":1},"o":{"x":0.273,"y":0.645},"n":"0p602_1_0p273_0p645","t":12,"s":[-5.688,-59.87],"e":[-5.688,-59.188],"to":[0,0],"ti":[0,0]},{"i":{"x":0.692,"y":1},"o":{"x":0.359,"y":0},"n":"0p692_1_0p359_0","t":13,"s":[-5.688,-59.188],"e":[-5.688,-87.188],"to":[0,0],"ti":[0,0]},{"i":{"x":0.667,"y":1},"o":{"x":0.363,"y":0},"n":"0p667_1_0p363_0","t":16,"s":[-5.688,-87.188],"e":[-5.688,-90.188],"to":[0,0],"ti":[0,0]},{"i":{"x":0.667,"y":1},"o":{"x":0.333,"y":0},"n":"0p667_1_0p333_0","t":25,"s":[-5.688,-90.188],"e":[-5.688,-59.188],"to":[0,0],"ti":[0,0]},{"i":{"x":0.24,"y":1},"o":{"x":0.333,"y":0},"n":"0p24_1_0p333_0","t":28,"s":[-5.688,-59.188],"e":[-5.688,-88.188],"to":[0,0],"ti":[0,0]},{"t":33}],"ix":2},"a":{"a":0,"k":[-10,-128],"ix":1},"s":{"a":1,"k":[{"i":{"x":[0.321,0.321],"y":[0.845,0.845]},"o":{"x":[1.022,1.022],"y":[0,0]},"n":["0p321_0p845_1p022_0","0p321_0p845_1p022_0"],"t":8,"s":[80,61.053],"e":[103.435,105.97]},{"i":{"x":[0.602,0.602],"y":[1,1]},"o":{"x":[0.273,0.273],"y":[0.645,0.645]},"n":["0p602_1_0p273_0p645","0p602_1_0p273_0p645"],"t":12,"s":[103.435,105.97],"e":[104,107.053]},{"i":{"x":[0.692,0.692],"y":[1,1]},"o":{"x":[0.359,0.359],"y":[0,0]},"n":["0p692_1_0p359_0","0p692_1_0p359_0"],"t":13,"s":[104,107.053],"e":[59,27.053]},{"i":{"x":[0.711,0.711],"y":[1,0.418]},"o":{"x":[0.363,0.363],"y":[0,0]},"n":["0p711_1_0p363_0","0p711_0p418_0p363_0"],"t":16,"s":[59,27.053],"e":[76,45.76]},{"i":{"x":[0.667,0.667],"y":[1,1]},"o":{"x":[0.25,0.25],"y":[0,0.494]},"n":["0p667_1_0p25_0","0p667_1_0p25_0p494"],"t":21,"s":[76,45.76],"e":[80,61.053]},{"i":{"x":[0.667,0.667],"y":[1,1]},"o":{"x":[0.333,0.333],"y":[0,0]},"n":["0p667_1_0p333_0","0p667_1_0p333_0"],"t":25,"s":[80,61.053],"e":[104,83.053]},{"i":{"x":[0.24,0.24],"y":[1,1]},"o":{"x":[0.333,0.333],"y":[0,0]},"n":["0p24_1_0p333_0","0p24_1_0p333_0"],"t":28,"s":[104,83.053],"e":[80,61.053]},{"t":33}],"ix":3},"r":{"a":1,"k":[{"i":{"x":[0.711],"y":[1.712]},"o":{"x":[0.363],"y":[0]},"n":["0p711_1p712_0p363_0"],"t":16,"s":[0],"e":[3.568]},{"i":{"x":[0.667],"y":[1]},"o":{"x":[0.25],"y":[0.078]},"n":["0p667_1_0p25_0p078"],"t":21,"s":[3.568],"e":[-19]},{"i":{"x":[0.667],"y":[1]},"o":{"x":[0.333],"y":[0]},"n":["0p667_1_0p333_0"],"t":25,"s":[-19],"e":[0]},{"t":28}],"ix":6},"o":{"a":0,"k":100,"ix":7},"sk":{"a":0,"k":0,"ix":4},"sa":{"a":0,"k":0,"ix":5},"nm":"Transform"}],"nm":"Fhair","np":4,"cix":2,"ix":2,"mn":"ADBE Vector Group","hd":false},{"ty":"gr","it":[{"ind":0,"ty":"sh","ix":1,"ks":{"a":1,"k":[{"i":{"x":0.833,"y":1},"o":{"x":0.167,"y":0},"n":"0p833_1_0p167_0","t":8,"s":[{"i":[[-5.419,0],[0,-5.419],[5.419,0],[0,5.419]],"o":[[5.419,0],[0,5.419],[-5.419,0],[0,-5.419]],"v":[[23,-86.919],[32.813,-77.107],[23,-67.294],[13.188,-77.107]],"c":true}],"e":[{"i":[[-5.419,0],[0,-5.419],[5.419,0],[0,5.419]],"o":[[5.419,0],[0,5.419],[-5.419,0],[0,-5.419]],"v":[[23,-73.813],[32.813,-64],[23,-54.188],[13.188,-64]],"c":true}]},{"i":{"x":0.13,"y":1},"o":{"x":0.9,"y":0},"n":"0p13_1_0p9_0","t":12,"s":[{"i":[[-5.419,0],[0,-5.419],[5.419,0],[0,5.419]],"o":[[5.419,0],[0,5.419],[-5.419,0],[0,-5.419]],"v":[[23,-73.813],[32.813,-64],[23,-54.188],[13.188,-64]],"c":true}],"e":[{"i":[[-5.419,0],[0,-5.419],[5.419,0],[0,5.419]],"o":[[5.419,0],[0,5.419],[-5.419,0],[0,-5.419]],"v":[[24.989,-72.836],[34.801,-63.023],[24.989,-53.211],[15.176,-63.023]],"c":true}]},{"i":{"x":0.833,"y":0.833},"o":{"x":0.83,"y":0},"n":"0p833_0p833_0p83_0","t":13,"s":[{"i":[[-5.419,0],[0,-5.419],[5.419,0],[0,5.419]],"o":[[5.419,0],[0,5.419],[-5.419,0],[0,-5.419]],"v":[[24.989,-72.836],[34.801,-63.023],[24.989,-53.211],[15.176,-63.023]],"c":true}],"e":[{"i":[[-5.419,0],[0,-5.419],[5.419,0],[0,5.419]],"o":[[5.419,0],[0,5.419],[-5.419,0],[0,-5.419]],"v":[[20.445,-88.108],[30.257,-78.296],[20.445,-68.483],[10.632,-78.296]],"c":true}]},{"i":{"x":0.833,"y":0.833},"o":{"x":0.167,"y":0.167},"n":"0p833_0p833_0p167_0p167","t":16,"s":[{"i":[[-5.419,0],[0,-5.419],[5.419,0],[0,5.419]],"o":[[5.419,0],[0,5.419],[-5.419,0],[0,-5.419]],"v":[[20.445,-88.108],[30.257,-78.296],[20.445,-68.483],[10.632,-78.296]],"c":true}],"e":[{"i":[[-5.419,0],[0,-5.419],[5.419,0],[0,5.419]],"o":[[5.419,0],[0,5.419],[-5.419,0],[0,-5.419]],"v":[[21.098,-84.453],[30.91,-74.64],[21.098,-64.828],[11.285,-74.64]],"c":true}]},{"i":{"x":0.667,"y":1},"o":{"x":0.167,"y":0.167},"n":"0p667_1_0p167_0p167","t":21,"s":[{"i":[[-5.419,0],[0,-5.419],[5.419,0],[0,5.419]],"o":[[5.419,0],[0,5.419],[-5.419,0],[0,-5.419]],"v":[[21.098,-84.453],[30.91,-74.64],[21.098,-64.828],[11.285,-74.64]],"c":true}],"e":[{"i":[[-5.419,0],[0,-5.419],[5.419,0],[0,5.419]],"o":[[5.419,0],[0,5.419],[-5.419,0],[0,-5.419]],"v":[[21.364,-84.961],[31.176,-75.148],[21.364,-65.336],[11.551,-75.148]],"c":true}]},{"i":{"x":0.667,"y":1},"o":{"x":0.333,"y":0},"n":"0p667_1_0p333_0","t":25,"s":[{"i":[[-5.419,0],[0,-5.419],[5.419,0],[0,5.419]],"o":[[5.419,0],[0,5.419],[-5.419,0],[0,-5.419]],"v":[[21.364,-84.961],[31.176,-75.148],[21.364,-65.336],[11.551,-75.148]],"c":true}],"e":[{"i":[[-5.419,0],[0,-3.817],[5.419,0],[0,3.817]],"o":[[5.419,0],[0,3.817],[-5.419,0],[0,-3.817]],"v":[[22.201,-81.812],[32.014,-74.901],[22.201,-67.99],[12.389,-74.901]],"c":true}]},{"i":{"x":0,"y":1},"o":{"x":0.333,"y":0},"n":"0_1_0p333_0","t":27,"s":[{"i":[[-5.419,0],[0,-3.817],[5.419,0],[0,3.817]],"o":[[5.419,0],[0,3.817],[-5.419,0],[0,-3.817]],"v":[[22.201,-81.812],[32.014,-74.901],[22.201,-67.99],[12.389,-74.901]],"c":true}],"e":[{"i":[[-5.419,0],[0,-5.419],[5.419,0],[0,5.419]],"o":[[5.419,0],[0,5.419],[-5.419,0],[0,-5.419]],"v":[[23,-86.919],[32.813,-77.107],[23,-67.294],[13.188,-77.107]],"c":true}]},{"t":33}],"ix":2},"nm":"iball1","mn":"ADBE Vector Shape - Group","hd":false},{"ind":1,"ty":"sh","ix":2,"ks":{"a":1,"k":[{"i":{"x":0.833,"y":1},"o":{"x":0.167,"y":0},"n":"0p833_1_0p167_0","t":8,"s":[{"i":[[-5.419,0],[0,-5.419],[5.419,0],[0,5.419]],"o":[[5.419,0],[0,5.419],[-5.419,0],[0,-5.419]],"v":[[-23,-86.919],[-13.188,-77.107],[-23,-67.294],[-32.813,-77.107]],"c":true}],"e":[{"i":[[-5.419,0],[0,-5.419],[5.419,0],[0,5.419]],"o":[[5.419,0],[0,5.419],[-5.419,0],[0,-5.419]],"v":[[-23,-73.813],[-13.188,-64],[-23,-54.188],[-32.813,-64]],"c":true}]},{"i":{"x":0.13,"y":1},"o":{"x":0.9,"y":0},"n":"0p13_1_0p9_0","t":12,"s":[{"i":[[-5.419,0],[0,-5.419],[5.419,0],[0,5.419]],"o":[[5.419,0],[0,5.419],[-5.419,0],[0,-5.419]],"v":[[-23,-73.813],[-13.188,-64],[-23,-54.188],[-32.813,-64]],"c":true}],"e":[{"i":[[-5.419,0],[0,-5.419],[5.419,0],[0,5.419]],"o":[[5.419,0],[0,5.419],[-5.419,0],[0,-5.419]],"v":[[-21.011,-72.836],[-11.199,-63.023],[-21.011,-53.211],[-30.824,-63.023]],"c":true}]},{"i":{"x":0.833,"y":0.833},"o":{"x":0.83,"y":0},"n":"0p833_0p833_0p83_0","t":13,"s":[{"i":[[-5.419,0],[0,-5.419],[5.419,0],[0,5.419]],"o":[[5.419,0],[0,5.419],[-5.419,0],[0,-5.419]],"v":[[-21.011,-72.836],[-11.199,-63.023],[-21.011,-53.211],[-30.824,-63.023]],"c":true}],"e":[{"i":[[-5.419,0],[0,-5.419],[5.419,0],[0,5.419]],"o":[[5.419,0],[0,5.419],[-5.419,0],[0,-5.419]],"v":[[-25.555,-88.108],[-15.743,-78.296],[-25.555,-68.483],[-35.368,-78.296]],"c":true}]},{"i":{"x":0.833,"y":0.833},"o":{"x":0.167,"y":0.167},"n":"0p833_0p833_0p167_0p167","t":16,"s":[{"i":[[-5.419,0],[0,-5.419],[5.419,0],[0,5.419]],"o":[[5.419,0],[0,5.419],[-5.419,0],[0,-5.419]],"v":[[-25.555,-88.108],[-15.743,-78.296],[-25.555,-68.483],[-35.368,-78.296]],"c":true}],"e":[{"i":[[-5.419,0],[0,-5.419],[5.419,0],[0,5.419]],"o":[[5.419,0],[0,5.419],[-5.419,0],[0,-5.419]],"v":[[-24.902,-84.453],[-15.09,-74.64],[-24.902,-64.828],[-34.715,-74.64]],"c":true}]},{"i":{"x":0.667,"y":1},"o":{"x":0.167,"y":0.167},"n":"0p667_1_0p167_0p167","t":21,"s":[{"i":[[-5.419,0],[0,-5.419],[5.419,0],[0,5.419]],"o":[[5.419,0],[0,5.419],[-5.419,0],[0,-5.419]],"v":[[-24.902,-84.453],[-15.09,-74.64],[-24.902,-64.828],[-34.715,-74.64]],"c":true}],"e":[{"i":[[-5.419,0],[0,-5.419],[5.419,0],[0,5.419]],"o":[[5.419,0],[0,5.419],[-5.419,0],[0,-5.419]],"v":[[-24.636,-84.961],[-14.824,-75.148],[-24.636,-65.336],[-34.449,-75.148]],"c":true}]},{"i":{"x":0.667,"y":1},"o":{"x":0.333,"y":0},"n":"0p667_1_0p333_0","t":25,"s":[{"i":[[-5.419,0],[0,-5.419],[5.419,0],[0,5.419]],"o":[[5.419,0],[0,5.419],[-5.419,0],[0,-5.419]],"v":[[-24.636,-84.961],[-14.824,-75.148],[-24.636,-65.336],[-34.449,-75.148]],"c":true}],"e":[{"i":[[-5.419,0],[0,-3.817],[5.419,0],[0,3.817]],"o":[[5.419,0],[0,3.817],[-5.419,0],[0,-3.817]],"v":[[-23.799,-81.812],[-13.986,-74.901],[-23.799,-67.99],[-33.611,-74.901]],"c":true}]},{"i":{"x":0,"y":1},"o":{"x":0.333,"y":0},"n":"0_1_0p333_0","t":27,"s":[{"i":[[-5.419,0],[0,-3.817],[5.419,0],[0,3.817]],"o":[[5.419,0],[0,3.817],[-5.419,0],[0,-3.817]],"v":[[-23.799,-81.812],[-13.986,-74.901],[-23.799,-67.99],[-33.611,-74.901]],"c":true}],"e":[{"i":[[-5.419,0],[0,-5.419],[5.419,0],[0,5.419]],"o":[[5.419,0],[0,5.419],[-5.419,0],[0,-5.419]],"v":[[-23,-86.919],[-13.188,-77.107],[-23,-67.294],[-32.813,-77.107]],"c":true}]},{"t":33}],"ix":2},"nm":"iball2","mn":"ADBE Vector Shape - Group","hd":false},{"ty":"fl","c":{"a":0,"k":[0.295117259026,0.309692651033,0.372549027205,1],"ix":4},"o":{"a":0,"k":100,"ix":5},"r":1,"nm":"Fill 2","mn":"ADBE Vector Graphic - Fill","hd":false},{"ind":3,"ty":"sh","ix":4,"ks":{"a":0,"k":{"i":[[-9.838,0],[0,-9.838],[9.838,0],[0,9.838]],"o":[[9.838,0],[0,9.838],[-9.838,0],[0,-9.838]],"v":[[25,-87.813],[42.813,-70],[25,-52.188],[7.188,-70]],"c":true},"ix":2},"nm":"Eye","mn":"ADBE Vector Shape - Group","hd":false},{"ind":4,"ty":"sh","ix":5,"ks":{"a":0,"k":{"i":[[-9.838,0],[0,-9.838],[9.838,0],[0,9.838]],"o":[[9.838,0],[0,9.838],[-9.838,0],[0,-9.838]],"v":[[-25,-87.813],[-7.188,-70],[-25,-52.188],[-42.813,-70]],"c":true},"ix":2},"nm":"Eye1","mn":"ADBE Vector Shape - Group","hd":false},{"ty":"fl","c":{"a":1,"k":[{"i":{"x":[0.833],"y":[0.833]},"o":{"x":[0.167],"y":[0.167]},"n":["0p833_0p833_0p167_0p167"],"t":9,"s":[1,1,1,1],"e":[0,0,0,1]},{"i":{"x":[0.833],"y":[0.833]},"o":{"x":[0.167],"y":[0.167]},"n":["0p833_0p833_0p167_0p167"],"t":10,"s":[0,0,0,1],"e":[0,0,0,1]},{"i":{"x":[0.833],"y":[0.833]},"o":{"x":[0.167],"y":[0.167]},"n":["0p833_0p833_0p167_0p167"],"t":12,"s":[0,0,0,1],"e":[1,1,1,1]},{"i":{"x":[0.833],"y":[0.833]},"o":{"x":[0.167],"y":[0.167]},"n":["0p833_0p833_0p167_0p167"],"t":13,"s":[1,1,1,1],"e":[1,1,1,1]},{"t":21}],"ix":4},"o":{"a":0,"k":100,"ix":5},"r":1,"nm":"Fill 1","mn":"ADBE Vector Graphic - Fill","hd":false},{"d":1,"ty":"el","s":{"a":0,"k":[36.625,37.625],"ix":2},"p":{"a":0,"k":[25,-71],"ix":3},"nm":"Ellipse Path 8","mn":"ADBE Vector Shape - Ellipse","hd":false},{"d":1,"ty":"el","s":{"a":0,"k":[36.625,37.625],"ix":2},"p":{"a":0,"k":[-25,-71],"ix":3},"nm":"Ellipse Path 7","mn":"ADBE Vector Shape - Ellipse","hd":false},{"ty":"fl","c":{"a":0,"k":[0.109803922474,0.052533637732,0.052533637732,1],"ix":4},"o":{"a":0,"k":100,"ix":5},"r":1,"nm":"Fill 3","mn":"ADBE Vector Graphic - Fill","hd":false},{"ty":"tr","p":{"a":1,"k":[{"i":{"x":0.723,"y":0.986},"o":{"x":0.393,"y":0},"n":"0p723_0p986_0p393_0","t":8,"s":[0.313,-30.188],"e":[0.313,-18.95],"to":[0,0],"ti":[0,0]},{"i":{"x":0.182,"y":0.848},"o":{"x":0.867,"y":0.083},"n":"0p182_0p848_0p867_0p083","t":9,"s":[0.313,-18.95],"e":[0.313,-1.643],"to":[0,0],"ti":[0,0]},{"i":{"x":0.602,"y":1},"o":{"x":0.273,"y":0.645},"n":"0p602_1_0p273_0p645","t":12,"s":[0.313,-1.643],"e":[0.313,-1.188],"to":[0,0],"ti":[0,0]},{"i":{"x":0.692,"y":1},"o":{"x":0.359,"y":0},"n":"0p692_1_0p359_0","t":13,"s":[0.313,-1.188],"e":[0.313,-40.188],"to":[0,0],"ti":[0,0]},{"i":{"x":0.701,"y":0.701},"o":{"x":0.373,"y":0.373},"n":"0p701_0p701_0p373_0p373","t":16,"s":[0.313,-40.188],"e":[0.313,-40.188],"to":[0,0],"ti":[0,0]},{"i":{"x":0.667,"y":1},"o":{"x":0.38,"y":0},"n":"0p667_1_0p38_0","t":21,"s":[0.313,-40.188],"e":[0.313,-32.188],"to":[0,0],"ti":[0,0]},{"i":{"x":0.667,"y":1},"o":{"x":0.333,"y":0},"n":"0p667_1_0p333_0","t":25,"s":[0.313,-32.188],"e":[0.313,-6.188],"to":[0,0],"ti":[0,0]},{"i":{"x":0.833,"y":1},"o":{"x":0.333,"y":0},"n":"0p833_1_0p333_0","t":28,"s":[0.313,-6.188],"e":[0.313,-30.188],"to":[0,0],"ti":[0,0]},{"t":33}],"ix":2},"a":{"a":0,"k":[-0.893,-60],"ix":1},"s":{"a":1,"k":[{"i":{"x":[0.667,0.667],"y":[1,1]},"o":{"x":[0.65,0.65],"y":[0,0]},"n":["0p667_1_0p65_0","0p667_1_0p65_0"],"t":8,"s":[112,103],"e":[112,7]},{"i":{"x":[0.667,0.667],"y":[1,1]},"o":{"x":[0.333,0.333],"y":[0,0]},"n":["0p667_1_0p333_0","0p667_1_0p333_0"],"t":10,"s":[112,7],"e":[112,7]},{"i":{"x":[0.748,0.748],"y":[1,0.361]},"o":{"x":[0.423,0.423],"y":[0,0]},"n":["0p748_1_0p423_0","0p748_0p361_0p423_0"],"t":11,"s":[112,7],"e":[112,10.572]},{"i":{"x":[-0.105,-0.105],"y":[1,1]},"o":{"x":[0.48,0.48],"y":[0,0.235]},"n":["-0p105_1_0p48_0","-0p105_1_0p48_0p235"],"t":12,"s":[112,10.572],"e":[112,103]},{"i":{"x":[0.833,0.833],"y":[1,1]},"o":{"x":[0.167,0.167],"y":[0,0]},"n":["0p833_1_0p167_0","0p833_1_0p167_0"],"t":17,"s":[112,103],"e":[112,103]},{"t":21}],"ix":3},"r":{"a":0,"k":0,"ix":6},"o":{"a":0,"k":100,"ix":7},"sk":{"a":0,"k":0,"ix":4},"sa":{"a":0,"k":0,"ix":5},"nm":"Transform"}],"nm":"eyes","np":9,"cix":2,"ix":3,"mn":"ADBE Vector Group","hd":false},{"ty":"gr","it":[{"ind":0,"ty":"sh","ix":1,"ks":{"a":1,"k":[{"i":{"x":0.833,"y":1},"o":{"x":0.9,"y":0},"n":"0p833_1_0p9_0","t":2,"s":[{"i":[[0,0],[0,0],[0,0],[-10.658,0]],"o":[[0,0],[0,0],[0,0],[10.658,0]],"v":[[10.75,-5],[-1.31,-5],[-11.75,-5],[-0.829,-1.313]],"c":true}],"e":[{"i":[[0,0],[0,0],[0,0],[-12.789,0]],"o":[[0,0],[0,0],[0,0],[12.789,0]],"v":[[13,-6.438],[-1.472,-6.438],[-14,-6.438],[-0.145,3.688]],"c":true}]},{"i":{"x":0.833,"y":0.833},"o":{"x":0.9,"y":0},"n":"0p833_0p833_0p9_0","t":8,"s":[{"i":[[0,0],[0,0],[0,0],[-12.789,0]],"o":[[0,0],[0,0],[0,0],[12.789,0]],"v":[[13,-6.438],[-1.472,-6.438],[-14,-6.438],[-0.145,3.688]],"c":true}],"e":[{"i":[[0,0],[13.084,-0.199],[0,0],[-19.216,0]],"o":[[0,0],[-13.084,0.199],[0,0],[19.216,0]],"v":[[19.529,12.967],[-0.075,14.823],[-21.039,12.967],[-0.561,17.955]],"c":true}]},{"i":{"x":0.13,"y":1},"o":{"x":0.167,"y":0.167},"n":"0p13_1_0p167_0p167","t":12,"s":[{"i":[[0,0],[13.084,-0.199],[0,0],[-19.216,0]],"o":[[0,0],[-13.084,0.199],[0,0],[19.216,0]],"v":[[19.529,12.967],[-0.075,14.823],[-21.039,12.967],[-0.561,17.955]],"c":true}],"e":[{"i":[[0,0],[13.399,-0.204],[0,0],[-19.371,0]],"o":[[0,0],[-13.399,0.204],[0,0],[19.371,0]],"v":[[19.686,13.435],[-0.041,15.335],[-21.209,13.435],[-0.571,18.299]],"c":true}]},{"i":{"x":0.833,"y":0.833},"o":{"x":0.83,"y":0},"n":"0p833_0p833_0p83_0","t":13,"s":[{"i":[[0,0],[13.399,-0.204],[0,0],[-19.371,0]],"o":[[0,0],[-13.399,0.204],[0,0],[19.371,0]],"v":[[19.686,13.435],[-0.041,15.335],[-21.209,13.435],[-0.571,18.299]],"c":true}],"e":[{"i":[[0,0],[0,0],[0,0],[-12.789,0]],"o":[[0,0],[0,0],[0,0],[12.789,0]],"v":[[13.545,1.606],[-0.927,1.606],[-13.455,1.606],[4.721,28.719]],"c":true}]},{"i":{"x":0.667,"y":1},"o":{"x":0.167,"y":0.167},"n":"0p667_1_0p167_0p167","t":16,"s":[{"i":[[0,0],[0,0],[0,0],[-12.789,0]],"o":[[0,0],[0,0],[0,0],[12.789,0]],"v":[[13.545,1.606],[-0.927,1.606],[-13.455,1.606],[4.721,28.719]],"c":true}],"e":[{"i":[[0,0],[0,0],[0,0],[-12.789,0]],"o":[[0,0],[0,0],[0,0],[12.789,0]],"v":[[16.692,-6.008],[-1.472,-6.438],[-18.235,-6.997],[-0.483,2.226]],"c":true}]},{"i":{"x":0.667,"y":1},"o":{"x":0.333,"y":0},"n":"0p667_1_0p333_0","t":25,"s":[{"i":[[0,0],[0,0],[0,0],[-12.789,0]],"o":[[0,0],[0,0],[0,0],[12.789,0]],"v":[[16.692,-6.008],[-1.472,-6.438],[-18.235,-6.997],[-0.483,2.226]],"c":true}],"e":[{"i":[[0,0],[9.813,-0.149],[0,0],[-17.61,0]],"o":[[0,0],[-9.813,0.149],[0,0],[17.61,0]],"v":[[18.82,8.223],[-0.424,9.508],[-20.338,7.976],[-0.542,14.023]],"c":true}]},{"i":{"x":0.833,"y":1},"o":{"x":0.333,"y":0},"n":"0p833_1_0p333_0","t":28,"s":[{"i":[[0,0],[9.813,-0.149],[0,0],[-17.61,0]],"o":[[0,0],[-9.813,0.149],[0,0],[17.61,0]],"v":[[18.82,8.223],[-0.424,9.508],[-20.338,7.976],[-0.542,14.023]],"c":true}],"e":[{"i":[[0,0],[0,0],[0,0],[-10.658,0]],"o":[[0,0],[0,0],[0,0],[10.658,0]],"v":[[10.75,-5],[-1.31,-5],[-11.75,-5],[-0.829,-1.313]],"c":true}]},{"t":33}],"ix":2},"nm":"Path 1","mn":"ADBE Vector Shape - Group","hd":false},{"ty":"fl","c":{"a":0,"k":[1,1,1,1],"ix":4},"o":{"a":0,"k":100,"ix":5},"r":1,"nm":"Fill 1","mn":"ADBE Vector Graphic - Fill","hd":false},{"ty":"tr","p":{"a":1,"k":[{"i":{"x":0.321,"y":1},"o":{"x":1.022,"y":0},"n":"0p321_1_1p022_0","t":8,"s":[-0.375,-14.375],"e":[-0.375,-5.375],"to":[0,0],"ti":[0,0]},{"i":{"x":0.602,"y":0.602},"o":{"x":0.273,"y":0.273},"n":"0p602_0p602_0p273_0p273","t":12,"s":[-0.375,-5.375],"e":[-0.375,-5.375],"to":[0,0],"ti":[0,0]},{"i":{"x":0.692,"y":1},"o":{"x":0.359,"y":0},"n":"0p692_1_0p359_0","t":13,"s":[-0.375,-5.375],"e":[-0.375,-24.375],"to":[0,0],"ti":[0,0]},{"i":{"x":0.826,"y":0},"o":{"x":0.363,"y":0},"n":"0p826_0_0p363_0","t":16,"s":[-0.375,-24.375],"e":[-0.375,-23.919],"to":[0,0],"ti":[0,0]},{"i":{"x":0.667,"y":1},"o":{"x":0.404,"y":0.046},"n":"0p667_1_0p404_0p046","t":21,"s":[-0.375,-23.919],"e":[-0.375,-5.375],"to":[0,0],"ti":[0,0]},{"i":{"x":0.667,"y":0.667},"o":{"x":0.333,"y":0.333},"n":"0p667_0p667_0p333_0p333","t":25,"s":[-0.375,-5.375],"e":[-0.375,-5.375],"to":[0,0],"ti":[0,0]},{"i":{"x":0.833,"y":1},"o":{"x":0.333,"y":0},"n":"0p833_1_0p333_0","t":28,"s":[-0.375,-5.375],"e":[-0.375,-14.375],"to":[0,0],"ti":[0,0]},{"t":33}],"ix":2},"a":{"a":0,"k":[-0.375,-5.375],"ix":1},"s":{"a":0,"k":[100,100],"ix":3},"r":{"a":0,"k":0,"ix":6},"o":{"a":0,"k":100,"ix":7},"sk":{"a":0,"k":0,"ix":4},"sa":{"a":0,"k":0,"ix":5},"nm":"Transform"}],"nm":"mouth","np":2,"cix":2,"ix":4,"mn":"ADBE Vector Group","hd":false},{"ty":"gr","it":[{"ind":0,"ty":"sh","ix":1,"ks":{"a":1,"k":[{"i":{"x":0.37,"y":1},"o":{"x":0.35,"y":0},"n":"0p37_1_0p35_0","t":8,"s":[{"i":[[-31.101,0],[0,-31.101],[31.101,0],[0,31.101]],"o":[[31.101,0],[0,31.101],[-31.101,0],[0,-31.101]],"v":[[-1.813,-126.125],[54.5,-69.813],[-1.813,-13.5],[-58.125,-69.813]],"c":true}],"e":[{"i":[[-31.101,0],[1.033,-8.744],[31.101,0],[0,31.101]],"o":[[31.101,0],[0,31.101],[-31.101,0],[1.561,-12.406]],"v":[[-4.695,-94.312],[54.5,-69.813],[-1.813,-13.5],[-58.125,-69.813]],"c":true}]},{"i":{"x":0.37,"y":1},"o":{"x":0.333,"y":0},"n":"0p37_1_0p333_0","t":12,"s":[{"i":[[-31.101,0],[1.033,-8.744],[31.101,0],[0,31.101]],"o":[[31.101,0],[0,31.101],[-31.101,0],[1.561,-12.406]],"v":[[-4.695,-94.312],[54.5,-69.813],[-1.813,-13.5],[-58.125,-69.813]],"c":true}],"e":[{"i":[[-31.101,0],[1.033,-8.744],[31.101,0],[0,31.101]],"o":[[31.101,0],[0,31.101],[-31.101,0],[1.561,-12.406]],"v":[[-4.695,-94.312],[54.5,-69.813],[-1.813,-13.5],[-58.125,-69.813]],"c":true}]},{"i":{"x":0.667,"y":1},"o":{"x":0.333,"y":0},"n":"0p667_1_0p333_0","t":13,"s":[{"i":[[-31.101,0],[1.033,-8.744],[31.101,0],[0,31.101]],"o":[[31.101,0],[0,31.101],[-31.101,0],[1.561,-12.406]],"v":[[-4.695,-94.312],[54.5,-69.813],[-1.813,-13.5],[-58.125,-69.813]],"c":true}],"e":[{"i":[[-31.101,0],[0,-31.101],[31.101,0],[0,31.101]],"o":[[31.101,0],[0,31.101],[-31.101,0],[0,-31.101]],"v":[[-1.813,-126.125],[54.5,-69.813],[-1.813,-13.5],[-58.125,-69.813]],"c":true}]},{"i":{"x":0.833,"y":1},"o":{"x":0.35,"y":0},"n":"0p833_1_0p35_0","t":16,"s":[{"i":[[-31.101,0],[0,-31.101],[31.101,0],[0,31.101]],"o":[[31.101,0],[0,31.101],[-31.101,0],[0,-31.101]],"v":[[-1.813,-126.125],[54.5,-69.813],[-1.813,-13.5],[-58.125,-69.813]],"c":true}],"e":[{"i":[[-31.101,0],[0,-31.101],[31.101,0],[0,31.101]],"o":[[31.101,0],[0,31.101],[-31.101,0],[0,-31.101]],"v":[[-1.813,-126.125],[54.5,-69.813],[-1.813,-13.5],[-58.125,-69.813]],"c":true}]},{"i":{"x":0.667,"y":1},"o":{"x":0.167,"y":0},"n":"0p667_1_0p167_0","t":21,"s":[{"i":[[-31.101,0],[0,-31.101],[31.101,0],[0,31.101]],"o":[[31.101,0],[0,31.101],[-31.101,0],[0,-31.101]],"v":[[-1.813,-126.125],[54.5,-69.813],[-1.813,-13.5],[-58.125,-69.813]],"c":true}],"e":[{"i":[[-31.101,0],[0,-31.101],[31.101,0],[0,31.101]],"o":[[31.101,0],[0,31.101],[-31.101,0],[0,-31.101]],"v":[[-1.813,-126.125],[54.5,-69.813],[-1.813,-13.5],[-58.125,-69.813]],"c":true}]},{"i":{"x":0.667,"y":1},"o":{"x":0.333,"y":0},"n":"0p667_1_0p333_0","t":25,"s":[{"i":[[-31.101,0],[0,-31.101],[31.101,0],[0,31.101]],"o":[[31.101,0],[0,31.101],[-31.101,0],[0,-31.101]],"v":[[-1.813,-126.125],[54.5,-69.813],[-1.813,-13.5],[-58.125,-69.813]],"c":true}],"e":[{"i":[[-31.101,0],[1.033,-8.744],[31.101,0],[0,31.101]],"o":[[31.101,0],[0,31.101],[-31.101,0],[1.561,-12.406]],"v":[[-4.695,-94.312],[54.5,-69.813],[-1.813,-13.5],[-58.125,-69.813]],"c":true}]},{"i":{"x":0.24,"y":1},"o":{"x":0.333,"y":0},"n":"0p24_1_0p333_0","t":28,"s":[{"i":[[-31.101,0],[1.033,-8.744],[31.101,0],[0,31.101]],"o":[[31.101,0],[0,31.101],[-31.101,0],[1.561,-12.406]],"v":[[-4.695,-94.312],[54.5,-69.813],[-1.813,-13.5],[-58.125,-69.813]],"c":true}],"e":[{"i":[[-31.101,0],[0,-31.101],[31.101,0],[0,31.101]],"o":[[31.101,0],[0,31.101],[-31.101,0],[0,-31.101]],"v":[[-1.813,-126.125],[54.5,-69.813],[-1.813,-13.5],[-58.125,-69.813]],"c":true}]},{"t":33}],"ix":2},"nm":"Path 2","mn":"ADBE Vector Shape - Group","hd":false},{"ty":"fl","c":{"a":0,"k":[1,0.611764729023,0.611764729023,1],"ix":4},"o":{"a":0,"k":100,"ix":5},"r":1,"nm":"Fill 1","mn":"ADBE Vector Graphic - Fill","hd":false},{"ty":"tr","p":{"a":0,"k":[1.313,38.813],"ix":2},"a":{"a":0,"k":[0,0],"ix":1},"s":{"a":0,"k":[100,100],"ix":3},"r":{"a":0,"k":0,"ix":6},"o":{"a":0,"k":100,"ix":7},"sk":{"a":0,"k":0,"ix":4},"sa":{"a":0,"k":0,"ix":5},"nm":"Transform"}],"nm":"head","np":3,"cix":2,"ix":5,"mn":"ADBE Vector Group","hd":false},{"ty":"gr","it":[{"d":1,"ty":"el","s":{"a":0,"k":[18.625,18.625],"ix":2},"p":{"a":0,"k":[53,-57],"ix":3},"nm":"Ellipse Path 4","mn":"ADBE Vector Shape - Ellipse","hd":false},{"d":1,"ty":"el","s":{"a":0,"k":[18.625,18.625],"ix":2},"p":{"a":0,"k":[-58,-57],"ix":3},"nm":"Ellipse Path 3","mn":"ADBE Vector Shape - Ellipse","hd":false},{"ty":"fl","c":{"a":0,"k":[1,0.529411792755,0.529411792755,1],"ix":4},"o":{"a":0,"k":100,"ix":5},"r":1,"nm":"Fill 1","mn":"ADBE Vector Graphic - Fill","hd":false},{"ty":"tr","p":{"a":1,"k":[{"i":{"x":0.321,"y":0.845},"o":{"x":1.022,"y":0},"n":"0p321_0p845_1p022_0","t":8,"s":[-1.688,-17.188],"e":[-1.688,-33.786],"to":[0,0],"ti":[0,0]},{"i":{"x":0.602,"y":1},"o":{"x":0.273,"y":0.643},"n":"0p602_1_0p273_0p643","t":12,"s":[-1.688,-33.786],"e":[-1.688,-34.188],"to":[0,0],"ti":[0,0]},{"i":{"x":0.692,"y":1},"o":{"x":0.359,"y":0},"n":"0p692_1_0p359_0","t":13,"s":[-1.688,-34.188],"e":[-1.688,-8.188],"to":[0,0],"ti":[0,0]},{"i":{"x":0.824,"y":0},"o":{"x":0.363,"y":0},"n":"0p824_0_0p363_0","t":16,"s":[-1.688,-8.188],"e":[-1.688,-8.408],"to":[0,0],"ti":[0,0]},{"i":{"x":0.667,"y":1},"o":{"x":0.404,"y":0.046},"n":"0p667_1_0p404_0p046","t":21,"s":[-1.688,-8.408],"e":[-1.688,-17.188],"to":[0,0],"ti":[0,0]},{"i":{"x":0.667,"y":0.667},"o":{"x":0.333,"y":0.333},"n":"0p667_0p667_0p333_0p333","t":25,"s":[-1.688,-17.188],"e":[-1.688,-17.188],"to":[0,0],"ti":[0,0]},{"i":{"x":0.24,"y":0.24},"o":{"x":0.333,"y":0.333},"n":"0p24_0p24_0p333_0p333","t":28,"s":[-1.688,-17.188],"e":[-1.688,-17.188],"to":[0,0],"ti":[0,0]},{"t":33}],"ix":2},"a":{"a":0,"k":[-3,-56],"ix":1},"s":{"a":0,"k":[100,100],"ix":3},"r":{"a":0,"k":0,"ix":6},"o":{"a":0,"k":100,"ix":7},"sk":{"a":0,"k":0,"ix":4},"sa":{"a":0,"k":0,"ix":5},"nm":"Transform"}],"nm":"ears","np":3,"cix":2,"ix":6,"mn":"ADBE Vector Group","hd":false}],"ip":-5,"op":60,"st":7,"bm":0},{"ddd":0,"ind":5,"ty":4,"nm":"body hands","parent":3,"sr":1,"ks":{"o":{"a":0,"k":100,"ix":11},"r":{"a":0,"k":0,"ix":10},"p":{"a":1,"k":[{"i":{"x":0.833,"y":0.833},"o":{"x":0.167,"y":0.167},"n":"0p833_0p833_0p167_0p167","t":13,"s":[-3,-163,0],"e":[-3,-163,0],"to":[0,0,0],"ti":[0,0,0]},{"t":16}],"ix":2},"a":{"a":0,"k":[0,0,0],"ix":1},"s":{"a":0,"k":[100,100,100],"ix":6}},"ao":0,"shapes":[{"ty":"gr","it":[{"ty":"tr","p":{"a":0,"k":[1.313,38.813],"ix":2},"a":{"a":0,"k":[0,0],"ix":1},"s":{"a":0,"k":[100,100],"ix":3},"r":{"a":0,"k":0,"ix":6},"o":{"a":0,"k":100,"ix":7},"sk":{"a":0,"k":0,"ix":4},"sa":{"a":0,"k":0,"ix":5},"nm":"Transform"}],"nm":"Ellipse 1","np":0,"cix":2,"ix":1,"mn":"ADBE Vector Group","hd":false},{"ty":"gr","it":[{"ty":"tr","p":{"a":0,"k":[0,0],"ix":2},"a":{"a":0,"k":[0,0],"ix":1},"s":{"a":0,"k":[100,100],"ix":3},"r":{"a":0,"k":0,"ix":6},"o":{"a":0,"k":100,"ix":7},"sk":{"a":0,"k":0,"ix":4},"sa":{"a":0,"k":0,"ix":5},"nm":"Transform"}],"nm":"Shape 2","np":0,"cix":2,"ix":2,"mn":"ADBE Vector Group","hd":false},{"ty":"gr","it":[{"d":1,"ty":"el","s":{"a":0,"k":[5.625,5.625],"ix":2},"p":{"a":0,"k":[-1,35],"ix":3},"nm":"Ellipse Path 1","mn":"ADBE Vector Shape - Ellipse","hd":false},{"d":1,"ty":"el","s":{"a":0,"k":[5.625,5.625],"ix":2},"p":{"a":0,"k":[-1,43],"ix":3},"nm":"Ellipse Path 2","mn":"ADBE Vector Shape - Ellipse","hd":false},{"ty":"fl","c":{"a":0,"k":[1,1,1,1],"ix":4},"o":{"a":0,"k":100,"ix":5},"r":1,"nm":"Fill 3","mn":"ADBE Vector Graphic - Fill","hd":false},{"ind":3,"ty":"sh","ix":4,"ks":{"a":0,"k":{"i":[[0,0],[0,0],[0,0],[-4,1.75],[0,0],[-3.25,-2.25],[0.25,1.5]],"o":[[0,0],[0,0],[0,0],[4,-1.75],[0,0],[3.25,2.25],[-0.25,-1.5]],"v":[[8.5,19.25],[-9.75,19],[-10.938,32],[-7,33.25],[-0.5,25.25],[4.938,33.563],[9.875,30.875]],"c":true},"ix":2},"nm":"Path 2","mn":"ADBE Vector Shape - Group","hd":false},{"ty":"fl","c":{"a":0,"k":[1,1,1,1],"ix":4},"o":{"a":0,"k":100,"ix":5},"r":1,"nm":"Fill 2","mn":"ADBE Vector Graphic - Fill","hd":false},{"ind":5,"ty":"sh","ix":6,"ks":{"a":1,"k":[{"i":{"x":0.833,"y":0.833},"o":{"x":0.333,"y":0},"n":"0p833_0p833_0p333_0","t":8,"s":[{"i":[[0,0],[0,0],[-42.748,0.475],[0,0],[0,0]],"o":[[0,0],[0,0],[45,-0.5],[0,0],[0,0]],"v":[[-5.372,24.326],[-45.25,97],[0.5,103.5],[46.25,97.5],[4.013,24.091]],"c":true}],"e":[{"i":[[0,0],[0,0],[-42.748,0.475],[0,0],[0,0]],"o":[[0,0],[0,0],[45,-0.5],[0,0],[0,0]],"v":[[-5.372,24.326],[-45.25,97],[-0.873,122.831],[46.25,97.5],[4.013,24.091]],"c":true}]},{"i":{"x":0.13,"y":1},"o":{"x":0.167,"y":0.167},"n":"0p13_1_0p167_0p167","t":12,"s":[{"i":[[0,0],[0,0],[-42.748,0.475],[0,0],[0,0]],"o":[[0,0],[0,0],[45,-0.5],[0,0],[0,0]],"v":[[-5.372,24.326],[-45.25,97],[-0.873,122.831],[46.25,97.5],[4.013,24.091]],"c":true}],"e":[{"i":[[0,0],[0,0],[-42.748,0.475],[0,0],[0,0]],"o":[[0,0],[0,0],[45,-0.5],[0,0],[0,0]],"v":[[-5.372,24.326],[-45.25,97],[-0.902,123.237],[46.25,97.5],[4.013,24.091]],"c":true}]},{"i":{"x":0.833,"y":0.833},"o":{"x":0.333,"y":0},"n":"0p833_0p833_0p333_0","t":13,"s":[{"i":[[0,0],[0,0],[-42.748,0.475],[0,0],[0,0]],"o":[[0,0],[0,0],[45,-0.5],[0,0],[0,0]],"v":[[-5.372,24.326],[-45.25,97],[-0.902,123.237],[46.25,97.5],[4.013,24.091]],"c":true}],"e":[{"i":[[0,0],[0,0],[-42.721,0.513],[0,0],[0,0]],"o":[[0,0],[0,0],[44.997,-0.544],[0,0],[0,0]],"v":[[-5.372,24.326],[-45.25,97],[0.487,103.369],[46.25,97.5],[4.013,24.091]],"c":true}]},{"i":{"x":0.43,"y":1},"o":{"x":0.46,"y":0},"n":"0p43_1_0p46_0","t":16,"s":[{"i":[[0,0],[0,0],[-42.721,0.513],[0,0],[0,0]],"o":[[0,0],[0,0],[44.997,-0.544],[0,0],[0,0]],"v":[[-5.372,24.326],[-45.25,97],[0.487,103.369],[46.25,97.5],[4.013,24.091]],"c":true}],"e":[{"i":[[0,0],[0,0],[-39.5,5],[0,0],[0,0]],"o":[[0,0],[0,0],[44.647,-5.651],[0,0],[0,0]],"v":[[-5.372,24.326],[-45.25,97],[-1,88],[46.25,97.5],[4.013,24.091]],"c":true}]},{"i":{"x":0.667,"y":1},"o":{"x":0.333,"y":0},"n":"0p667_1_0p333_0","t":21,"s":[{"i":[[0,0],[0,0],[-39.5,5],[0,0],[0,0]],"o":[[0,0],[0,0],[44.647,-5.651],[0,0],[0,0]],"v":[[-5.372,24.326],[-45.25,97],[-1,88],[46.25,97.5],[4.013,24.091]],"c":true}],"e":[{"i":[[0,0],[0,0],[-39.5,5],[0,0],[0,0]],"o":[[0,0],[0,0],[44.647,-5.651],[0,0],[0,0]],"v":[[-5.372,24.326],[-45.25,97],[-1,88],[46.25,97.5],[4.013,24.091]],"c":true}]},{"i":{"x":0.667,"y":1},"o":{"x":0.333,"y":0},"n":"0p667_1_0p333_0","t":25,"s":[{"i":[[0,0],[0,0],[-39.5,5],[0,0],[0,0]],"o":[[0,0],[0,0],[44.647,-5.651],[0,0],[0,0]],"v":[[-5.372,24.326],[-45.25,97],[-1,88],[46.25,97.5],[4.013,24.091]],"c":true}],"e":[{"i":[[0,0],[0,0],[-42.748,0.475],[0,0],[0,0]],"o":[[0,0],[0,0],[45,-0.5],[0,0],[0,0]],"v":[[-5.372,24.326],[-45.25,97],[0.5,103.5],[46.25,97.5],[4.013,24.091]],"c":true}]},{"t":28}],"ix":2},"nm":"Path 1","mn":"ADBE Vector Shape - Group","hd":false},{"ty":"fl","c":{"a":0,"k":[0.6941176470588235,0.027450980392156862,0.8313725490196079,1],"ix":4},"o":{"a":0,"k":100,"ix":5},"r":1,"nm":"Fill 1","mn":"ADBE Vector Graphic - Fill","hd":false},{"ty":"tr","p":{"a":1,"k":[{"i":{"x":0.13,"y":1},"o":{"x":0.333,"y":0},"n":"0p13_1_0p333_0","t":8,"s":[-0.5,32.5],"e":[-0.5,70.5],"to":[0,0],"ti":[0,-0.83333331346512]},{"i":{"x":0.692,"y":0.998},"o":{"x":0.333,"y":0},"n":"0p692_0p998_0p333_0","t":13,"s":[-0.5,70.5],"e":[-0.5,36.542],"to":[0,0.0130589613691],"ti":[0,-0.01466724928468]},{"i":{"x":0.43,"y":1},"o":{"x":0.46,"y":0},"n":"0p43_1_0p46_0","t":16,"s":[-0.5,36.542],"e":[-0.5,37.5],"to":[0,0.92129600048065],"ti":[0,0]},{"i":{"x":0.667,"y":0.667},"o":{"x":0.333,"y":0.333},"n":"0p667_0p667_0p333_0p333","t":21,"s":[-0.5,37.5],"e":[-0.5,37.5],"to":[0,0],"ti":[0,0]},{"i":{"x":0.667,"y":1},"o":{"x":0.333,"y":0},"n":"0p667_1_0p333_0","t":25,"s":[-0.5,37.5],"e":[-0.5,54.5],"to":[0,0],"ti":[0,0.83333331346512]},{"i":{"x":0.24,"y":1},"o":{"x":0.333,"y":0},"n":"0p24_1_0p333_0","t":28,"s":[-0.5,54.5],"e":[-0.5,32.5],"to":[0,-0.83333331346512],"ti":[0,0]},{"t":33}],"ix":2},"a":{"a":0,"k":[-0.5,32.5],"ix":1},"s":{"a":1,"k":[{"i":{"x":[0.13,0.13],"y":[1,1]},"o":{"x":[0.333,0.333],"y":[0,0]},"n":["0p13_1_0p333_0","0p13_1_0p333_0"],"t":8,"s":[100,100],"e":[122,76]},{"i":{"x":[0.692,0.692],"y":[1.019,1.004]},"o":{"x":[0.333,0.333],"y":[0,0]},"n":["0p692_1p019_0p333_0","0p692_1p004_0p333_0"],"t":13,"s":[122,76],"e":[105.161,140.873]},{"i":{"x":[0.43,0.43],"y":[1,1]},"o":{"x":[0.46,0.46],"y":[0,0]},"n":["0p43_1_0p46_0","0p43_1_0p46_0"],"t":16,"s":[105.161,140.873],"e":[119,85]},{"i":{"x":[0.667,0.667],"y":[1,1]},"o":{"x":[0.333,0.333],"y":[0,0]},"n":["0p667_1_0p333_0","0p667_1_0p333_0"],"t":21,"s":[119,85],"e":[119,85]},{"i":{"x":[0.667,0.667],"y":[1,1]},"o":{"x":[0.333,0.333],"y":[0,0]},"n":["0p667_1_0p333_0","0p667_1_0p333_0"],"t":25,"s":[119,85],"e":[120,87]},{"i":{"x":[0.24,0.24],"y":[1,1]},"o":{"x":[0.333,0.333],"y":[0,0]},"n":["0p24_1_0p333_0","0p24_1_0p333_0"],"t":28,"s":[120,87],"e":[100,100]},{"t":33}],"ix":3},"r":{"a":0,"k":0,"ix":6},"o":{"a":0,"k":100,"ix":7},"sk":{"a":0,"k":0,"ix":4},"sa":{"a":0,"k":0,"ix":5},"nm":"Transform"}],"nm":"dress","np":7,"cix":2,"ix":3,"mn":"ADBE Vector Group","hd":false},{"ty":"gr","it":[{"ind":0,"ty":"sh","ix":1,"ks":{"a":1,"k":[{"i":{"x":0.13,"y":1},"o":{"x":0.333,"y":0},"n":"0p13_1_0p333_0","t":8,"s":[{"i":[[0,0],[18.416,8.175],[1.826,-0.024],[1.739,-0.771],[0,0]],"o":[[0,0],[-1.887,-0.837],[-1.521,0.02],[-18.185,8.067],[0,0]],"v":[[47.25,81.25],[5.801,27.589],[-0.343,26.513],[-6.687,27.862],[-51.5,81]],"c":false}],"e":[{"i":[[0,0],[37.199,-45.589],[1.826,-0.024],[1.636,0.971],[0,0]],"o":[[0,0],[-1.305,1.599],[-1.521,0.02],[-36.813,-21.862],[0,0]],"v":[[79.75,27.75],[5.801,27.589],[-0.343,26.513],[-6.687,27.862],[-72,43.5]],"c":false}]},{"i":{"x":0.833,"y":0.833},"o":{"x":0.333,"y":0},"n":"0p833_0p833_0p333_0","t":13,"s":[{"i":[[0,0],[37.199,-45.589],[1.826,-0.024],[1.636,0.971],[0,0]],"o":[[0,0],[-1.305,1.599],[-1.521,0.02],[-36.813,-21.862],[0,0]],"v":[[79.75,27.75],[5.801,27.589],[-0.343,26.513],[-6.687,27.862],[-72,43.5]],"c":false}],"e":[{"i":[[0,0],[45.199,4.736],[1.826,-0.024],[1.738,-0.757],[0,0]],"o":[[0,0],[-1.882,-0.817],[-1.521,0.02],[-88.031,15.261],[0,0]],"v":[[47.525,89.797],[5.801,27.589],[-0.343,26.513],[-6.687,27.862],[-74.911,-5.621]],"c":false}]},{"i":{"x":0.43,"y":1},"o":{"x":0.167,"y":0.167},"n":"0p43_1_0p167_0p167","t":16,"s":[{"i":[[0,0],[45.199,4.736],[1.826,-0.024],[1.738,-0.757],[0,0]],"o":[[0,0],[-1.882,-0.817],[-1.521,0.02],[-88.031,15.261],[0,0]],"v":[[47.525,89.797],[5.801,27.589],[-0.343,26.513],[-6.687,27.862],[-74.911,-5.621]],"c":false}],"e":[{"i":[[0,0],[80.199,-51.237],[1.826,-0.024],[1.891,0.209],[0,0]],"o":[[0,0],[-1.739,1.111],[-1.521,0.02],[-84.349,-9.34],[0,0]],"v":[[86.75,41.25],[5.801,27.589],[-0.343,26.513],[-6.687,27.862],[-79.648,-82.664]],"c":false}]},{"i":{"x":0.667,"y":1},"o":{"x":0.333,"y":0},"n":"0p667_1_0p333_0","t":21,"s":[{"i":[[0,0],[80.199,-51.237],[1.826,-0.024],[1.891,0.209],[0,0]],"o":[[0,0],[-1.739,1.111],[-1.521,0.02],[-84.349,-9.34],[0,0]],"v":[[86.75,41.25],[5.801,27.589],[-0.343,26.513],[-6.687,27.862],[-79.648,-82.664]],"c":false}],"e":[{"i":[[0,0],[48.199,14.13],[1.826,-0.024],[1.892,0.2],[0,0]],"o":[[0,0],[-1.981,-0.581],[-1.521,0.02],[-72.313,-7.642],[0,0]],"v":[[107.25,1.25],[5.801,27.589],[-0.343,26.513],[-6.687,27.862],[-51.5,-77.5]],"c":false}]},{"i":{"x":0.667,"y":1},"o":{"x":0.333,"y":0},"n":"0p667_1_0p333_0","t":25,"s":[{"i":[[0,0],[48.199,14.13],[1.826,-0.024],[1.892,0.2],[0,0]],"o":[[0,0],[-1.981,-0.581],[-1.521,0.02],[-72.313,-7.642],[0,0]],"v":[[107.25,1.25],[5.801,27.589],[-0.343,26.513],[-6.687,27.862],[-51.5,-77.5]],"c":false}],"e":[{"i":[[0,0],[41.895,38.636],[1.826,-0.024],[1.79,-0.446],[0,0]],"o":[[0,0],[-1.918,-0.751],[-1.521,0.02],[-40.617,32.863],[0,0]],"v":[[69.162,43.026],[5.105,41.176],[-1.039,40.1],[-7.383,41.449],[-72.696,42.468]],"c":false}]},{"i":{"x":0.24,"y":1},"o":{"x":0.333,"y":0},"n":"0p24_1_0p333_0","t":28,"s":[{"i":[[0,0],[41.895,38.636],[1.826,-0.024],[1.79,-0.446],[0,0]],"o":[[0,0],[-1.918,-0.751],[-1.521,0.02],[-40.617,32.863],[0,0]],"v":[[69.162,43.026],[5.105,41.176],[-1.039,40.1],[-7.383,41.449],[-72.696,42.468]],"c":false}],"e":[{"i":[[0,0],[18.416,8.175],[1.826,-0.024],[1.739,-0.771],[0,0]],"o":[[0,0],[-1.887,-0.837],[-1.521,0.02],[-18.185,8.067],[0,0]],"v":[[47.25,81.25],[5.801,27.589],[-0.343,26.513],[-6.687,27.862],[-51.5,81]],"c":false}]},{"t":33}],"ix":2},"nm":"Path 1","mn":"ADBE Vector Shape - Group","hd":false},{"ty":"st","c":{"a":0,"k":[1,0.611764729023,0.611764729023,1],"ix":3},"o":{"a":0,"k":100,"ix":4},"w":{"a":0,"k":11,"ix":5},"lc":2,"lj":2,"nm":"Stroke 1","mn":"ADBE Vector Graphic - Stroke","hd":false},{"ty":"tr","p":{"a":1,"k":[{"i":{"x":0.13,"y":1},"o":{"x":0.333,"y":0},"n":"0p13_1_0p333_0","t":8,"s":[-3,27],"e":[-3,53],"to":[0,4.33333349227905],"ti":[0,0]},{"i":{"x":0.833,"y":0.833},"o":{"x":0.333,"y":0},"n":"0p833_0p833_0p333_0","t":13,"s":[-3,53],"e":[-3,43],"to":[0,0],"ti":[0,4.33333349227905]},{"i":{"x":0.57,"y":0.924},"o":{"x":0.167,"y":0.167},"n":"0p57_0p924_0p167_0p167","t":16,"s":[-3,43],"e":[-3,18.525],"to":[0,-2.36034679412842],"ti":[0,-3.20221185684204]},{"i":{"x":0.24,"y":1},"o":{"x":0.397,"y":0.498},"n":"0p24_1_0p397_0p498","t":21,"s":[-3,18.525],"e":[-3,27],"to":[0,2.67669200897217],"ti":[0,-0.75884103775024]},{"t":33}],"ix":2},"a":{"a":0,"k":[-3,27],"ix":1},"s":{"a":0,"k":[100,100],"ix":3},"r":{"a":1,"k":[{"i":{"x":[0.13],"y":[1]},"o":{"x":[0.333],"y":[0]},"n":["0p13_1_0p333_0"],"t":8,"s":[0],"e":[0]},{"i":{"x":[0.692],"y":[1]},"o":{"x":[0.333],"y":[0]},"n":["0p692_1_0p333_0"],"t":13,"s":[0],"e":[7]},{"i":{"x":[0.43],"y":[1]},"o":{"x":[0.77],"y":[0]},"n":["0p43_1_0p77_0"],"t":16,"s":[7],"e":[17]},{"i":{"x":[0.667],"y":[1]},"o":{"x":[0.333],"y":[0]},"n":["0p667_1_0p333_0"],"t":21,"s":[17],"e":[0]},{"i":{"x":[0.667],"y":[1]},"o":{"x":[0.333],"y":[0]},"n":["0p667_1_0p333_0"],"t":25,"s":[0],"e":[0]},{"i":{"x":[0.24],"y":[1]},"o":{"x":[0.333],"y":[0]},"n":["0p24_1_0p333_0"],"t":28,"s":[0],"e":[0]},{"t":33}],"ix":6},"o":{"a":0,"k":100,"ix":7},"sk":{"a":0,"k":0,"ix":4},"sa":{"a":0,"k":0,"ix":5},"nm":"Transform"}],"nm":"hand","np":2,"cix":2,"ix":4,"mn":"ADBE Vector Group","hd":false},{"ty":"gr","it":[{"ind":0,"ty":"sh","ix":1,"ks":{"a":1,"k":[{"i":{"x":0.833,"y":0.833},"o":{"x":0.167,"y":0.167},"n":"0p833_0p833_0p167_0p167","t":15,"s":[{"i":[[0,0],[0,0]],"o":[[0,0],[0,0]],"v":[[-4.437,87.112],[-6.25,163.75]],"c":false}],"e":[{"i":[[0,0],[0,0]],"o":[[0,0],[0,0]],"v":[[-4.437,87.112],[-6.25,163.75]],"c":false}]},{"i":{"x":0.833,"y":0.833},"o":{"x":0.167,"y":0.167},"n":"0p833_0p833_0p167_0p167","t":16,"s":[{"i":[[0,0],[0,0]],"o":[[0,0],[0,0]],"v":[[-4.437,87.112],[-6.25,163.75]],"c":false}],"e":[{"i":[[0,0],[0,0]],"o":[[0,0],[0,0]],"v":[[-4.437,87.112],[-6.25,163.75]],"c":false}]},{"t":21}],"ix":2,"x":"var $bm_rt;\n$bm_rt = content('leg L').content('Path 2').path;"},"nm":"Path 3","mn":"ADBE Vector Shape - Group","hd":false},{"ty":"st","c":{"a":0,"k":[0.92549020052,0.92549020052,0.92549020052,1],"ix":3},"o":{"a":0,"k":100,"ix":4},"w":{"a":0,"k":11,"ix":5},"lc":1,"lj":2,"d":[{"n":"d","nm":"dash","v":{"a":0,"k":54,"ix":1}},{"n":"g","nm":"gap","v":{"a":0,"k":50,"ix":2}},{"n":"o","nm":"offset","v":{"a":0,"k":-50,"ix":7}}],"nm":"Stroke 3","mn":"ADBE Vector Graphic - Stroke","hd":false},{"ind":2,"ty":"sh","ix":3,"ks":{"a":1,"k":[{"i":{"x":0.13,"y":1},"o":{"x":0.333,"y":0},"n":"0p13_1_0p333_0","t":8,"s":[{"i":[[0,0],[0,0],[0,0]],"o":[[0,0],[0,0],[0,0]],"v":[[-4.437,87.112],[-5.481,131.25],[-6.25,163.75]],"c":false}],"e":[{"i":[[0,0],[0,0],[0,-7.25]],"o":[[0,0],[0,0],[0,7.25]],"v":[[-7.937,111.612],[-32.231,141.25],[-6.25,163.75]],"c":false}]},{"i":{"x":0.833,"y":0.833},"o":{"x":0.333,"y":0},"n":"0p833_0p833_0p333_0","t":13,"s":[{"i":[[0,0],[0,0],[0,-7.25]],"o":[[0,0],[0,0],[0,7.25]],"v":[[-7.937,111.612],[-32.231,141.25],[-6.25,163.75]],"c":false}],"e":[{"i":[[0,0],[-0.022,-0.051],[0.004,-3.176]],"o":[[0,0],[0.019,0.044],[-0.003,3.158]],"v":[[-7.691,91.354],[-13.619,134.433],[-6.25,163.75]],"c":false}]},{"i":{"x":0.833,"y":0.833},"o":{"x":0.167,"y":0.167},"n":"0p833_0p833_0p167_0p167","t":15,"s":[{"i":[[0,0],[-0.022,-0.051],[0.004,-3.176]],"o":[[0,0],[0.019,0.044],[-0.003,3.158]],"v":[[-7.691,91.354],[-13.619,134.433],[-6.25,163.75]],"c":false}],"e":[{"i":[[0,0],[-0.04,-0.09],[-3.685,-5.941]],"o":[[0,0],[0.034,0.078],[3.685,5.941]],"v":[[-4.445,87.253],[-5.655,131.312],[-4.791,165.635]],"c":false}]},{"i":{"x":0.43,"y":1},"o":{"x":0.167,"y":0.167},"n":"0p43_1_0p167_0p167","t":16,"s":[{"i":[[0,0],[-0.04,-0.09],[-3.685,-5.941]],"o":[[0,0],[0.034,0.078],[3.685,5.941]],"v":[[-4.445,87.253],[-5.655,131.312],[-4.791,165.635]],"c":false}],"e":[{"i":[[0,0],[-4.668,-10.578],[0.843,-10.708]],"o":[[0,0],[4.042,9.158],[-0.558,7.088]],"v":[[-5.3,103.802],[-26.048,138.492],[-6.25,163.75]],"c":false}]},{"i":{"x":0.667,"y":1},"o":{"x":0.333,"y":0},"n":"0p667_1_0p333_0","t":21,"s":[{"i":[[0,0],[-4.668,-10.578],[0.843,-10.708]],"o":[[0,0],[4.042,9.158],[-0.558,7.088]],"v":[[-5.3,103.802],[-26.048,138.492],[-6.25,163.75]],"c":false}],"e":[{"i":[[0,0],[-4.668,-10.578],[0.843,-10.708]],"o":[[0,0],[4.042,9.158],[-0.558,7.088]],"v":[[-7.548,114.071],[-28.409,141.602],[-6.25,163.75]],"c":false}]},{"i":{"x":0.667,"y":1},"o":{"x":0.333,"y":0},"n":"0p667_1_0p333_0","t":25,"s":[{"i":[[0,0],[-4.668,-10.578],[0.843,-10.708]],"o":[[0,0],[4.042,9.158],[-0.558,7.088]],"v":[[-7.548,114.071],[-28.409,141.602],[-6.25,163.75]],"c":false}],"e":[{"i":[[0,0],[0,0],[0,-8.25]],"o":[[0,0],[0,0],[0,8.25]],"v":[[-7.937,101.612],[-17.481,135.25],[-6.25,163.75]],"c":false}]},{"i":{"x":0.24,"y":1},"o":{"x":0.333,"y":0},"n":"0p24_1_0p333_0","t":28,"s":[{"i":[[0,0],[0,0],[0,-8.25]],"o":[[0,0],[0,0],[0,8.25]],"v":[[-7.937,101.612],[-17.481,135.25],[-6.25,163.75]],"c":false}],"e":[{"i":[[0,0],[0,0],[0,0]],"o":[[0,0],[0,0],[0,0]],"v":[[-4.437,87.112],[-5.481,131.25],[-6.25,163.75]],"c":false}]},{"t":33}],"ix":2},"nm":"Path 2","mn":"ADBE Vector Shape - Group","hd":false},{"ty":"st","c":{"a":0,"k":[1,0.611764729023,0.611764729023,1],"ix":3},"o":{"a":0,"k":100,"ix":4},"w":{"a":0,"k":11,"ix":5},"lc":1,"lj":2,"nm":"Stroke 2","mn":"ADBE Vector Graphic - Stroke","hd":false},{"ind":4,"ty":"sh","ix":5,"ks":{"a":1,"k":[{"i":{"x":0.13,"y":1},"o":{"x":0.333,"y":0},"n":"0p13_1_0p333_0","t":8,"s":[{"i":[[0,0],[0,0]],"o":[[0,0],[0,0]],"v":[[-0.75,165.875],[-15.75,165.875]],"c":false}],"e":[{"i":[[0,0],[0,0]],"o":[[0,0],[0,0]],"v":[[-0.75,165.875],[-15.75,165.875]],"c":false}]},{"i":{"x":0.833,"y":0.833},"o":{"x":0.333,"y":0},"n":"0p833_0p833_0p333_0","t":13,"s":[{"i":[[0,0],[0,0]],"o":[[0,0],[0,0]],"v":[[-0.75,165.875],[-15.75,165.875]],"c":false}],"e":[{"i":[[0,0],[0,0]],"o":[[0,0],[0,0]],"v":[[-0.75,165.875],[-15.75,165.875]],"c":false}]},{"i":{"x":0.833,"y":0.833},"o":{"x":0.167,"y":0.167},"n":"0p833_0p833_0p167_0p167","t":14,"s":[{"i":[[0,0],[0,0]],"o":[[0,0],[0,0]],"v":[[-0.75,165.875],[-15.75,165.875]],"c":false}],"e":[{"i":[[0,0],[0,0]],"o":[[0,0],[0,0]],"v":[[-0.75,165.875],[-15.75,165.875]],"c":false}]},{"i":{"x":0.15,"y":1},"o":{"x":0.167,"y":0.167},"n":"0p15_1_0p167_0p167","t":15,"s":[{"i":[[0,0],[0,0]],"o":[[0,0],[0,0]],"v":[[-0.75,165.875],[-15.75,165.875]],"c":false}],"e":[{"i":[[0,0],[0,0]],"o":[[0,0],[0,0]],"v":[[-1.914,165.442],[-12.959,176.332]],"c":false}]},{"i":{"x":0.43,"y":1},"o":{"x":0.167,"y":0.167},"n":"0p43_1_0p167_0p167","t":16,"s":[{"i":[[0,0],[0,0]],"o":[[0,0],[0,0]],"v":[[-1.914,165.442],[-12.959,176.332]],"c":false}],"e":[{"i":[[0,0],[0,0]],"o":[[0,0],[0,0]],"v":[[-0.75,165.875],[-15.75,165.875]],"c":false}]},{"i":{"x":0.667,"y":1},"o":{"x":0.333,"y":0},"n":"0p667_1_0p333_0","t":21,"s":[{"i":[[0,0],[0,0]],"o":[[0,0],[0,0]],"v":[[-0.75,165.875],[-15.75,165.875]],"c":false}],"e":[{"i":[[0,0],[0,0]],"o":[[0,0],[0,0]],"v":[[-0.75,165.875],[-15.75,165.875]],"c":false}]},{"i":{"x":0.667,"y":1},"o":{"x":0.333,"y":0},"n":"0p667_1_0p333_0","t":25,"s":[{"i":[[0,0],[0,0]],"o":[[0,0],[0,0]],"v":[[-0.75,165.875],[-15.75,165.875]],"c":false}],"e":[{"i":[[0,0],[0,0]],"o":[[0,0],[0,0]],"v":[[-0.75,165.875],[-15.75,165.875]],"c":false}]},{"i":{"x":0.24,"y":1},"o":{"x":0.333,"y":0},"n":"0p24_1_0p333_0","t":28,"s":[{"i":[[0,0],[0,0]],"o":[[0,0],[0,0]],"v":[[-0.75,165.875],[-15.75,165.875]],"c":false}],"e":[{"i":[[0,0],[0,0]],"o":[[0,0],[0,0]],"v":[[-0.75,165.875],[-15.75,165.875]],"c":false}]},{"t":33}],"ix":2},"nm":"Path 1","mn":"ADBE Vector Shape - Group","hd":false},{"ty":"st","c":{"a":0,"k":[0.172549024224,0.168627455831,0.168627455831,1],"ix":3},"o":{"a":0,"k":100,"ix":4},"w":{"a":0,"k":6,"ix":5},"lc":2,"lj":1,"ml":4,"nm":"Stroke 1","mn":"ADBE Vector Graphic - Stroke","hd":false},{"ty":"tr","p":{"a":1,"k":[{"i":{"x":0.13,"y":0.13},"o":{"x":0.9,"y":0.9},"n":"0p13_0p13_0p9_0p9","t":8,"s":[6,75.25],"e":[6,75.25],"to":[0,0],"ti":[0,0]},{"i":{"x":0.672,"y":0.742},"o":{"x":0.33,"y":0},"n":"0p672_0p742_0p33_0","t":13,"s":[6,75.25],"e":[6,83.347],"to":[0,-0.00309346080758],"ti":[0,0]},{"i":{"x":0.445,"y":0.73},"o":{"x":0.517,"y":0.105},"n":"0p445_0p73_0p517_0p105","t":14,"s":[6,83.347],"e":[6,114.669],"to":[0,0],"ti":[0,0]},{"i":{"x":0.525,"y":1},"o":{"x":0.215,"y":0.598},"n":"0p525_1_0p215_0p598","t":15,"s":[6,114.669],"e":[6,120.151],"to":[0,0],"ti":[0,0]},{"i":{"x":0.3,"y":1},"o":{"x":0.77,"y":0.015},"n":"0p3_1_0p77_0p015","t":16,"s":[6,120.151],"e":[6,63.25],"to":[0,0],"ti":[0,0]},{"i":{"x":0.667,"y":1},"o":{"x":0.333,"y":0},"n":"0p667_1_0p333_0","t":21,"s":[6,63.25],"e":[6,44.25],"to":[0,0],"ti":[0,0]},{"i":{"x":0.667,"y":1},"o":{"x":0.333,"y":0},"n":"0p667_1_0p333_0","t":25,"s":[6,44.25],"e":[6,75.25],"to":[0,0],"ti":[0,-2]},{"i":{"x":0.24,"y":0.24},"o":{"x":0.333,"y":0.333},"n":"0p24_0p24_0p333_0p333","t":28,"s":[6,75.25],"e":[6,75.25],"to":[0,0],"ti":[0,0]},{"t":33}],"ix":2},"a":{"a":0,"k":[-4,87.25],"ix":1},"s":{"a":0,"k":[-100,100],"ix":3},"r":{"a":1,"k":[{"i":{"x":[0.13],"y":[1]},"o":{"x":[0.9],"y":[0]},"n":["0p13_1_0p9_0"],"t":8,"s":[0],"e":[0]},{"i":{"x":[0.692],"y":[-0.963]},"o":{"x":[0.359],"y":[0]},"n":["0p692_-0p963_0p359_0"],"t":13,"s":[0],"e":[-0.161]},{"i":{"x":[0.43],"y":[1]},"o":{"x":[0.77],"y":[0.121]},"n":["0p43_1_0p77_0p121"],"t":16,"s":[-0.161],"e":[-11]},{"i":{"x":[0.667],"y":[1]},"o":{"x":[0.333],"y":[0]},"n":["0p667_1_0p333_0"],"t":21,"s":[-11],"e":[-13]},{"i":{"x":[0.667],"y":[1]},"o":{"x":[0.333],"y":[0]},"n":["0p667_1_0p333_0"],"t":25,"s":[-13],"e":[0]},{"i":{"x":[0.24],"y":[1]},"o":{"x":[0.333],"y":[0]},"n":["0p24_1_0p333_0"],"t":28,"s":[0],"e":[0]},{"t":33}],"ix":6},"o":{"a":0,"k":100,"ix":7},"sk":{"a":0,"k":0,"ix":4},"sa":{"a":0,"k":0,"ix":5},"nm":"Transform"}],"nm":"leg L","np":6,"cix":2,"ix":5,"mn":"ADBE Vector Group","hd":false},{"ty":"gr","it":[{"ind":0,"ty":"sh","ix":1,"ks":{"a":1,"k":[{"i":{"x":0.833,"y":0.833},"o":{"x":0.167,"y":0.167},"n":"0p833_0p833_0p167_0p167","t":15,"s":[{"i":[[0,0],[0,0]],"o":[[0,0],[0,0]],"v":[[-4.437,87.112],[-6.25,163.75]],"c":false}],"e":[{"i":[[0,0],[0,0]],"o":[[0,0],[0,0]],"v":[[-4.437,87.112],[-6.25,163.75]],"c":false}]},{"i":{"x":0.833,"y":0.833},"o":{"x":0.167,"y":0.167},"n":"0p833_0p833_0p167_0p167","t":16,"s":[{"i":[[0,0],[0,0]],"o":[[0,0],[0,0]],"v":[[-4.437,87.112],[-6.25,163.75]],"c":false}],"e":[{"i":[[0,0],[0,0]],"o":[[0,0],[0,0]],"v":[[-4.437,87.112],[-6.25,163.75]],"c":false}]},{"t":21}],"ix":2,"x":"var $bm_rt;\n$bm_rt = content('leg R').content('Path 2').path;"},"nm":"Path 3","mn":"ADBE Vector Shape - Group","hd":false},{"ty":"st","c":{"a":0,"k":[0.92549020052,0.92549020052,0.92549020052,1],"ix":3},"o":{"a":0,"k":100,"ix":4},"w":{"a":0,"k":11,"ix":5},"lc":1,"lj":2,"d":[{"n":"d","nm":"dash","v":{"a":0,"k":54,"ix":1}},{"n":"g","nm":"gap","v":{"a":0,"k":50,"ix":2}},{"n":"o","nm":"offset","v":{"a":0,"k":-50,"ix":7}}],"nm":"Stroke 3","mn":"ADBE Vector Graphic - Stroke","hd":false},{"ind":2,"ty":"sh","ix":3,"ks":{"a":1,"k":[{"i":{"x":0.13,"y":1},"o":{"x":0.9,"y":0},"n":"0p13_1_0p9_0","t":8,"s":[{"i":[[0,0],[0,0],[0,0]],"o":[[0,0],[0,0],[0,0]],"v":[[-4.437,87.112],[-5.476,131.006],[-6.25,163.75]],"c":false}],"e":[{"i":[[0,0],[-0.726,-5.494],[-0.25,-6.75]],"o":[[0,0],[0.726,5.494],[0.25,6.75]],"v":[[-9.937,115.612],[-36.476,140.256],[-6.25,163.75]],"c":false}]},{"i":{"x":0.833,"y":0.833},"o":{"x":0.83,"y":0},"n":"0p833_0p833_0p83_0","t":13,"s":[{"i":[[0,0],[-0.726,-5.494],[-0.25,-6.75]],"o":[[0,0],[0.726,5.494],[0.25,6.75]],"v":[[-9.937,115.612],[-36.476,140.256],[-6.25,163.75]],"c":false}],"e":[{"i":[[0,0],[-0.499,-3.815],[-0.173,-4.685]],"o":[[-0.019,0.016],[0.496,3.834],[0.173,4.678]],"v":[[-2.471,87.663],[-15.864,133.084],[-6.25,163.75]],"c":false}]},{"i":{"x":0.833,"y":0.833},"o":{"x":0.167,"y":0.167},"n":"0p833_0p833_0p167_0p167","t":15,"s":[{"i":[[0,0],[-0.499,-3.815],[-0.173,-4.685]],"o":[[-0.019,0.016],[0.496,3.834],[0.173,4.678]],"v":[[-2.471,87.663],[-15.864,133.084],[-6.25,163.75]],"c":false}],"e":[{"i":[[0,0],[0.008,-0.069],[-2.529,-5.166]],"o":[[-0.061,0.051],[-0.015,0.129],[3.028,8.628]],"v":[[-4.44,87.336],[-11.175,126.574],[-5.953,166.075]],"c":false}]},{"i":{"x":0.43,"y":1},"o":{"x":0.167,"y":0.167},"n":"0p43_1_0p167_0p167","t":16,"s":[{"i":[[0,0],[0.008,-0.069],[-2.529,-5.166]],"o":[[-0.061,0.051],[-0.015,0.129],[3.028,8.628]],"v":[[-4.44,87.336],[-11.175,126.574],[-5.953,166.075]],"c":false}],"e":[{"i":[[0,0],[0.955,-8.175],[-0.285,-9.123]],"o":[[-7.187,5.977],[-1.786,15.288],[0.193,6.177]],"v":[[-4.707,113.663],[-27.718,137.327],[-6.25,163.75]],"c":false}]},{"i":{"x":0.667,"y":1},"o":{"x":0.333,"y":0},"n":"0p667_1_0p333_0","t":21,"s":[{"i":[[0,0],[0.955,-8.175],[-0.285,-9.123]],"o":[[-7.187,5.977],[-1.786,15.288],[0.193,6.177]],"v":[[-4.707,113.663],[-27.718,137.327],[-6.25,163.75]],"c":false}],"e":[{"i":[[0,0],[0.621,-8.207],[-0.285,-9.123]],"o":[[-2.162,8.512],[-0.43,5.68],[0.193,6.177]],"v":[[-8.19,94.216],[-16.451,126.066],[-6.25,163.75]],"c":false}]},{"i":{"x":0.833,"y":0.833},"o":{"x":0.333,"y":0},"n":"0p833_0p833_0p333_0","t":25,"s":[{"i":[[0,0],[0.621,-8.207],[-0.285,-9.123]],"o":[[-2.162,8.512],[-0.43,5.68],[0.193,6.177]],"v":[[-8.19,94.216],[-16.451,126.066],[-6.25,163.75]],"c":false}],"e":[{"i":[[0,0],[0.161,-2.128],[-4.782,-9.343]],"o":[[-0.561,2.207],[-0.111,1.473],[-0.135,8.083]],"v":[[-8.841,91.526],[-7.961,131.189],[-5.897,164.895]],"c":false}]},{"i":{"x":0.667,"y":1},"o":{"x":0.167,"y":0.167},"n":"0p667_1_0p167_0p167","t":27,"s":[{"i":[[0,0],[0.161,-2.128],[-4.782,-9.343]],"o":[[-0.561,2.207],[-0.111,1.473],[-0.135,8.083]],"v":[[-8.841,91.526],[-7.961,131.189],[-5.897,164.895]],"c":false}],"e":[{"i":[[0,0],[0,0],[0.25,-8.75]],"o":[[0,0],[0,0],[-0.25,8.75]],"v":[[-11.437,104.862],[-24.476,136.006],[-6.25,163.75]],"c":false}]},{"i":{"x":0.24,"y":1},"o":{"x":0.333,"y":0},"n":"0p24_1_0p333_0","t":28,"s":[{"i":[[0,0],[0,0],[0.25,-8.75]],"o":[[0,0],[0,0],[-0.25,8.75]],"v":[[-11.437,104.862],[-24.476,136.006],[-6.25,163.75]],"c":false}],"e":[{"i":[[0,0],[0,0],[0,0]],"o":[[0,0],[0,0],[0,0]],"v":[[-4.437,87.112],[-5.476,131.006],[-6.25,163.75]],"c":false}]},{"t":33}],"ix":2},"nm":"Path 2","mn":"ADBE Vector Shape - Group","hd":false},{"ty":"st","c":{"a":0,"k":[1,0.611764729023,0.611764729023,1],"ix":3},"o":{"a":0,"k":100,"ix":4},"w":{"a":0,"k":11,"ix":5},"lc":1,"lj":2,"nm":"Stroke 2","mn":"ADBE Vector Graphic - Stroke","hd":false},{"ind":4,"ty":"sh","ix":5,"ks":{"a":1,"k":[{"i":{"x":0.13,"y":1},"o":{"x":0.9,"y":0},"n":"0p13_1_0p9_0","t":8,"s":[{"i":[[0,0],[0,0]],"o":[[0,0],[0,0]],"v":[[-15.75,165.875],[-0.75,165.875]],"c":false}],"e":[{"i":[[0,0],[0,0]],"o":[[0,0],[0,0]],"v":[[-15.75,165.875],[-0.75,165.875]],"c":false}]},{"i":{"x":0.833,"y":0.833},"o":{"x":0.83,"y":0},"n":"0p833_0p833_0p83_0","t":13,"s":[{"i":[[0,0],[0,0]],"o":[[0,0],[0,0]],"v":[[-15.75,165.875],[-0.75,165.875]],"c":false}],"e":[{"i":[[0,0],[0,0]],"o":[[0,0],[0,0]],"v":[[-15.75,165.875],[-0.75,165.875]],"c":false}]},{"i":{"x":0.833,"y":0.833},"o":{"x":0.167,"y":0.167},"n":"0p833_0p833_0p167_0p167","t":14,"s":[{"i":[[0,0],[0,0]],"o":[[0,0],[0,0]],"v":[[-15.75,165.875],[-0.75,165.875]],"c":false}],"e":[{"i":[[0,0],[0,0]],"o":[[0,0],[0,0]],"v":[[-15.75,165.875],[-0.75,165.875]],"c":false}]},{"i":{"x":0.15,"y":1},"o":{"x":0.167,"y":0.167},"n":"0p15_1_0p167_0p167","t":15,"s":[{"i":[[0,0],[0,0]],"o":[[0,0],[0,0]],"v":[[-15.75,165.875],[-0.75,165.875]],"c":false}],"e":[{"i":[[0,0],[0,0]],"o":[[0,0],[0,0]],"v":[[-17.183,174.018],[-0.75,165.875]],"c":false}]},{"i":{"x":0.43,"y":1},"o":{"x":0.167,"y":0.167},"n":"0p43_1_0p167_0p167","t":16,"s":[{"i":[[0,0],[0,0]],"o":[[0,0],[0,0]],"v":[[-17.183,174.018],[-0.75,165.875]],"c":false}],"e":[{"i":[[0,0],[0,0]],"o":[[0,0],[0,0]],"v":[[-15.75,165.875],[-0.75,165.875]],"c":false}]},{"i":{"x":0.667,"y":1},"o":{"x":0.333,"y":0},"n":"0p667_1_0p333_0","t":21,"s":[{"i":[[0,0],[0,0]],"o":[[0,0],[0,0]],"v":[[-15.75,165.875],[-0.75,165.875]],"c":false}],"e":[{"i":[[0,0],[0,0]],"o":[[0,0],[0,0]],"v":[[-15.75,165.875],[-0.75,165.875]],"c":false}]},{"i":{"x":0.833,"y":0.833},"o":{"x":0.333,"y":0},"n":"0p833_0p833_0p333_0","t":25,"s":[{"i":[[0,0],[0,0]],"o":[[0,0],[0,0]],"v":[[-15.75,165.875],[-0.75,165.875]],"c":false}],"e":[{"i":[[0,0],[0,0]],"o":[[0,0],[0,0]],"v":[[-13.261,174.182],[-0.75,165.875]],"c":false}]},{"i":{"x":0.667,"y":1},"o":{"x":0.167,"y":0.167},"n":"0p667_1_0p167_0p167","t":27,"s":[{"i":[[0,0],[0,0]],"o":[[0,0],[0,0]],"v":[[-13.261,174.182],[-0.75,165.875]],"c":false}],"e":[{"i":[[0,0],[0,0]],"o":[[0,0],[0,0]],"v":[[-15.75,165.875],[-0.75,165.875]],"c":false}]},{"i":{"x":0.24,"y":1},"o":{"x":0.333,"y":0},"n":"0p24_1_0p333_0","t":28,"s":[{"i":[[0,0],[0,0]],"o":[[0,0],[0,0]],"v":[[-15.75,165.875],[-0.75,165.875]],"c":false}],"e":[{"i":[[0,0],[0,0]],"o":[[0,0],[0,0]],"v":[[-15.75,165.875],[-0.75,165.875]],"c":false}]},{"t":33}],"ix":2},"nm":"Path 1","mn":"ADBE Vector Shape - Group","hd":false},{"ty":"st","c":{"a":0,"k":[0.172549024224,0.170519039035,0.170519039035,1],"ix":3},"o":{"a":0,"k":100,"ix":4},"w":{"a":0,"k":6,"ix":5},"lc":2,"lj":1,"ml":4,"nm":"Stroke 1","mn":"ADBE Vector Graphic - Stroke","hd":false},{"ty":"tr","p":{"a":1,"k":[{"i":{"x":0.13,"y":0.13},"o":{"x":0.9,"y":0.9},"n":"0p13_0p13_0p9_0p9","t":8,"s":[-6.75,75],"e":[-6.75,75],"to":[0,0],"ti":[0,0]},{"i":{"x":0.673,"y":0.725},"o":{"x":0.339,"y":0},"n":"0p673_0p725_0p339_0","t":13,"s":[-6.75,75],"e":[-6.741,83.841],"to":[0.00214981287718,-0.00675655435771],"ti":[0,0]},{"i":{"x":0.429,"y":0.815},"o":{"x":0.491,"y":0.124},"n":"0p429_0p815_0p491_0p124","t":14,"s":[-6.741,83.841],"e":[-6.699,113.353],"to":[0,0],"ti":[0,0]},{"i":{"x":0.53,"y":1},"o":{"x":0.218,"y":0.825},"n":"0p53_1_0p218_0p825","t":15,"s":[-6.699,113.353],"e":[-6.692,110.818],"to":[0,0],"ti":[0,0]},{"i":{"x":0.3,"y":1},"o":{"x":0.77,"y":0.027},"n":"0p3_1_0p77_0p027","t":16,"s":[-6.692,110.818],"e":[0.25,53],"to":[0,0],"ti":[0,0]},{"i":{"x":0.667,"y":1},"o":{"x":0.333,"y":0},"n":"0p667_1_0p333_0","t":21,"s":[0.25,53],"e":[0.25,68],"to":[0,0],"ti":[0,0]},{"i":{"x":0.667,"y":0.822},"o":{"x":0.333,"y":0},"n":"0p667_0p822_0p333_0","t":25,"s":[0.25,68],"e":[-5.476,83.738],"to":[0,0],"ti":[0,0]},{"i":{"x":0.667,"y":1},"o":{"x":0.333,"y":0.167},"n":"0p667_1_0p333_0p167","t":27,"s":[-5.476,83.738],"e":[-6.75,75],"to":[0,0],"ti":[0.24770723283291,-0.77850842475891]},{"i":{"x":0.24,"y":0.24},"o":{"x":0.333,"y":0.333},"n":"0p24_0p24_0p333_0p333","t":28,"s":[-6.75,75],"e":[-6.75,75],"to":[0,0],"ti":[0,0]},{"t":33}],"ix":2},"a":{"a":0,"k":[-4.75,87],"ix":1},"s":{"a":0,"k":[100,100],"ix":3},"r":{"a":1,"k":[{"i":{"x":[0.43],"y":[1]},"o":{"x":[0.77],"y":[0.07]},"n":["0p43_1_0p77_0p07"],"t":16,"s":[0.144],"e":[17]},{"i":{"x":[0.667],"y":[1]},"o":{"x":[0.333],"y":[0]},"n":["0p667_1_0p333_0"],"t":21,"s":[17],"e":[12]},{"i":{"x":[0.667],"y":[1]},"o":{"x":[0.333],"y":[0]},"n":["0p667_1_0p333_0"],"t":25,"s":[12],"e":[0]},{"t":28}],"ix":6},"o":{"a":0,"k":100,"ix":7},"sk":{"a":0,"k":0,"ix":4},"sa":{"a":0,"k":0,"ix":5},"nm":"Transform"}],"nm":"leg R","np":6,"cix":2,"ix":6,"mn":"ADBE Vector Group","hd":false},{"ty":"gr","it":[{"ind":0,"ty":"sh","ix":1,"ks":{"a":0,"k":{"i":[[0,0],[0,0],[-42.748,0.475],[0,0],[0,0]],"o":[[0,0],[0,0],[45,-0.5],[0,0],[0,0]],"v":[[-5.372,24.326],[-45.25,97],[0.5,103.5],[46.25,97.5],[4.013,24.091]],"c":true},"ix":2},"nm":"Path 1","mn":"ADBE Vector Shape - Group","hd":false},{"ty":"fl","c":{"a":0,"k":[0.683383464813,0.189465582371,0.690196096897,1],"ix":4},"o":{"a":0,"k":100,"ix":5},"r":1,"nm":"Fill 1","mn":"ADBE Vector Graphic - Fill","hd":false},{"ty":"tr","p":{"a":0,"k":[-0.5,32.5],"ix":2,"x":"var $bm_rt;\n$bm_rt = content('dress').transform.position;"},"a":{"a":0,"k":[-0.5,32.5],"ix":1},"s":{"a":0,"k":[100,100],"ix":3,"x":"var $bm_rt;\n$bm_rt = content('dress').transform.scale;"},"r":{"a":0,"k":0,"ix":6},"o":{"a":0,"k":100,"ix":7},"sk":{"a":0,"k":0,"ix":4},"sa":{"a":0,"k":0,"ix":5},"nm":"Transform"}],"nm":"dress 2","np":2,"cix":2,"ix":7,"mn":"ADBE Vector Group","hd":false}],"ip":-5,"op":60,"st":7,"bm":0},{"ddd":0,"ind":6,"ty":4,"nm":"hair","parent":4,"sr":1,"ks":{"o":{"a":0,"k":100,"ix":11},"r":{"a":0,"k":0,"ix":10},"p":{"a":0,"k":[0,0,0],"ix":2},"a":{"a":0,"k":[0,0,0],"ix":1},"s":{"a":0,"k":[100,100,100],"ix":6}},"ao":0,"shapes":[{"ty":"gr","it":[{"d":1,"ty":"el","s":{"a":0,"k":[117.625,117.625],"ix":2},"p":{"a":1,"k":[{"i":{"x":0.548,"y":0.548},"o":{"x":0.565,"y":0.565},"n":"0p548_0p548_0p565_0p565","t":8,"s":[-2,-77],"e":[-2,-77],"to":[0,0],"ti":[0,0]},{"i":{"x":0.463,"y":0.463},"o":{"x":0.177,"y":0.177},"n":"0p463_0p463_0p177_0p177","t":11,"s":[-2,-77],"e":[-2,-77],"to":[0,0],"ti":[0,0]},{"i":{"x":0.692,"y":1},"o":{"x":0.359,"y":0},"n":"0p692_1_0p359_0","t":13,"s":[-2,-77],"e":[-2,-91],"to":[0,0],"ti":[0,0]},{"i":{"x":0.801,"y":0.479},"o":{"x":0.786,"y":0},"n":"0p801_0p479_0p786_0","t":16,"s":[-2,-91],"e":[-2,-84.373],"to":[0,0],"ti":[0,0]},{"i":{"x":0.667,"y":1},"o":{"x":0.187,"y":0.276},"n":"0p667_1_0p187_0p276","t":21,"s":[-2,-84.373],"e":[-2,-75],"to":[0,0],"ti":[0,0]},{"i":{"x":0.667,"y":1},"o":{"x":0.333,"y":0},"n":"0p667_1_0p333_0","t":25,"s":[-2,-75],"e":[-2,-69],"to":[0,0],"ti":[0,0]},{"i":{"x":0.667,"y":1},"o":{"x":0.333,"y":0},"n":"0p667_1_0p333_0","t":28,"s":[-2,-69],"e":[-2,-77],"to":[0,0],"ti":[0,0]},{"t":34}],"ix":3},"nm":"Ellipse Path 2","mn":"ADBE Vector Shape - Ellipse","hd":false},{"ty":"fl","c":{"a":0,"k":[0.6941176470588235,0.027450980392156862,0.8313725490196079,1],"ix":4},"o":{"a":0,"k":100,"ix":5},"r":1,"nm":"Fill 1","mn":"ADBE Vector Graphic - Fill","hd":false},{"d":1,"ty":"el","s":{"a":0,"k":[138.625,138.625],"ix":2},"p":{"a":1,"k":[{"i":{"x":0.548,"y":0.371},"o":{"x":0.565,"y":0},"n":"0p548_0p371_0p565_0","t":8,"s":[-2,-82],"e":[-2,-81.823],"to":[0,0],"ti":[0,0.34742984175682]},{"i":{"x":0.463,"y":1},"o":{"x":0.177,"y":0.384},"n":"0p463_1_0p177_0p384","t":11,"s":[-2,-81.823],"e":[-2,-82],"to":[0,-0.04412489384413],"ti":[0,0.07512766867876]},{"i":{"x":0.692,"y":0.993},"o":{"x":0.359,"y":0},"n":"0p692_0p993_0p359_0","t":13,"s":[-2,-82],"e":[-2,-72.033],"to":[0,-0.01044716965407],"ti":[0,0.01173379924148]},{"i":{"x":0.801,"y":0.707},"o":{"x":0.786,"y":0.025},"n":"0p801_0p707_0p786_0p025","t":16,"s":[-2,-72.033],"e":[-2,-83.463],"to":[0,-0.4997233748436],"ti":[0,3.96826577186584]},{"i":{"x":0.667,"y":1},"o":{"x":0.183,"y":1},"n":"0p667_1_0p183_1","t":21,"s":[-2,-83.463],"e":[-2,-85.933],"to":[0,-1.88448810577393],"ti":[0,0]},{"i":{"x":0.667,"y":1},"o":{"x":0.333,"y":0},"n":"0p667_1_0p333_0","t":25,"s":[-2,-85.933],"e":[-2,-72],"to":[0,0],"ti":[0,-0.66666668653488]},{"i":{"x":0.667,"y":1},"o":{"x":0.333,"y":0},"n":"0p667_1_0p333_0","t":28,"s":[-2,-72],"e":[-2,-82],"to":[0,0.66666668653488],"ti":[0,0]},{"t":34}],"ix":3},"nm":"Ellipse Path 3","mn":"ADBE Vector Shape - Ellipse","hd":false},{"ty":"fl","c":{"a":0,"k":[0.611764729023,0.223529413342,0.223529413342,1],"ix":4},"o":{"a":0,"k":100,"ix":5},"r":1,"nm":"Fill 2","mn":"ADBE Vector Graphic - Fill","hd":false},{"ty":"tr","p":{"a":1,"k":[{"i":{"x":0.548,"y":0.371},"o":{"x":0.565,"y":0},"n":"0p548_0p371_0p565_0","t":8,"s":[-1.063,-43.5],"e":[-1.063,-43.189],"to":[0,0],"ti":[0,0.60800224542618]},{"i":{"x":0.667,"y":1},"o":{"x":0.177,"y":0.769},"n":"0p667_1_0p177_0p769","t":11,"s":[-1.063,-43.189],"e":[-1.063,-43.5],"to":[0,-0.07721856236458],"ti":[0,0.13147342205048]},{"i":{"x":0.692,"y":0.997},"o":{"x":0.333,"y":0},"n":"0p692_0p997_0p333_0","t":15,"s":[-1.063,-43.5],"e":[-1.063,-30.558],"to":[0,-0.01828254573047],"ti":[0,0.02053414843976]},{"i":{"x":0.801,"y":0.436},"o":{"x":0.786,"y":0.059},"n":"0p801_0p436_0p786_0p059","t":16,"s":[-1.063,-30.558],"e":[-1.063,-38.98],"to":[0,-0.87364882230759],"ti":[0,5.61315441131592]},{"i":{"x":0.12,"y":1},"o":{"x":0.167,"y":0.167},"n":"0p12_1_0p167_0p167","t":21,"s":[-1.063,-38.98],"e":[-1.063,-50.5],"to":[0,-2.67384481430054],"ti":[0,0]},{"i":{"x":0.12,"y":1},"o":{"x":0.333,"y":0},"n":"0p12_1_0p333_0","t":25,"s":[-1.063,-50.5],"e":[-1.063,-43.5],"to":[0,0],"ti":[0,-1.16666662693024]},{"t":28}],"ix":2},"a":{"a":0,"k":[-2.375,-82.312],"ix":1},"s":{"a":0,"k":[100,100],"ix":3},"r":{"a":0,"k":0,"ix":6},"o":{"a":0,"k":100,"ix":7},"sk":{"a":0,"k":0,"ix":4},"sa":{"a":0,"k":0,"ix":5},"nm":"Transform"}],"nm":"hair band","np":4,"cix":2,"ix":1,"mn":"ADBE Vector Group","hd":false},{"ty":"gr","it":[{"d":1,"ty":"el","s":{"a":0,"k":[65.625,65.625],"ix":2},"p":{"a":1,"k":[{"i":{"x":0.825,"y":1},"o":{"x":0.527,"y":0},"n":"0p825_1_0p527_0","t":8,"s":[45,-38],"e":[52,-44],"to":[0,0],"ti":[0,0]},{"i":{"x":0.685,"y":0.66},"o":{"x":0.379,"y":0},"n":"0p685_0p66_0p379_0","t":11,"s":[52,-44],"e":[46.151,-38.987],"to":[0,0],"ti":[1.98677027225494,-1.70294594764709]},{"i":{"x":0.657,"y":1},"o":{"x":0.327,"y":0.598},"n":"0p657_1_0p327_0p598","t":14,"s":[46.151,-38.987],"e":[45,-38],"to":[-0.68796771764755,0.58968663215637],"ti":[0,0]},{"i":{"x":0.692,"y":0.993},"o":{"x":0.333,"y":0},"n":"0p692_0p993_0p333_0","t":15,"s":[45,-38],"e":[34.158,-19.166],"to":[0.04945318028331,-0.0520559810102],"ti":[0,0]},{"i":{"x":0.801,"y":0.699},"o":{"x":0.786,"y":0.051},"n":"0p801_0p699_0p786_0p051","t":16,"s":[34.158,-19.166],"e":[57.255,-49.223],"to":[0,0],"ti":[0,0]},{"i":{"x":0.667,"y":1},"o":{"x":0.187,"y":0.774},"n":"0p667_1_0p187_0p774","t":21,"s":[57.255,-49.223],"e":[64,-58],"to":[0,0],"ti":[0,0]},{"i":{"x":0.667,"y":1},"o":{"x":0.333,"y":0},"n":"0p667_1_0p333_0","t":25,"s":[64,-58],"e":[45,-38],"to":[0,0],"ti":[3.16666674613953,-3.33333325386047]},{"i":{"x":0.24,"y":0.24},"o":{"x":0.333,"y":0.333},"n":"0p24_0p24_0p333_0p333","t":29,"s":[45,-38],"e":[45,-38],"to":[0,0],"ti":[0,0]},{"t":34}],"ix":3},"nm":"Ellipse Path 2","mn":"ADBE Vector Shape - Ellipse","hd":false},{"d":1,"ty":"el","s":{"a":0,"k":[65.625,65.625],"ix":2},"p":{"a":1,"k":[{"i":{"x":0.825,"y":1},"o":{"x":0.527,"y":0},"n":"0p825_1_0p527_0","t":8,"s":[-65,-38],"e":[-73,-38],"to":[0,0],"ti":[0,0]},{"i":{"x":0.685,"y":0.66},"o":{"x":0.379,"y":0},"n":"0p685_0p66_0p379_0","t":11,"s":[-73,-38],"e":[-66.316,-38],"to":[0,0],"ti":[-2.27059459686279,0]},{"i":{"x":0.657,"y":1},"o":{"x":0.327,"y":0.059},"n":"0p657_1_0p327_0p059","t":14,"s":[-66.316,-38],"e":[-53,-38],"to":[0.78624880313873,0],"ti":[0,0]},{"i":{"x":0.692,"y":0.998},"o":{"x":0.333,"y":0},"n":"0p692_0p998_0p333_0","t":15,"s":[-53,-38],"e":[-48.091,-11],"to":[-0.02863078936934,0],"ti":[0,0]},{"i":{"x":0.801,"y":0.687},"o":{"x":0.786,"y":0.026},"n":"0p801_0p687_0p786_0p026","t":16,"s":[-48.091,-11],"e":[-69.491,-31.703],"to":[0,0],"ti":[0,0]},{"i":{"x":0.667,"y":1},"o":{"x":0.187,"y":0.771},"n":"0p667_1_0p187_0p771","t":21,"s":[-69.491,-31.703],"e":[-76,-38],"to":[0,0],"ti":[0,0]},{"i":{"x":0.667,"y":0.215},"o":{"x":0.333,"y":0},"n":"0p667_0p215_0p333_0","t":25,"s":[-76,-38],"e":[-74.504,-33.452],"to":[0,0],"ti":[0,0]},{"i":{"x":0.667,"y":1},"o":{"x":0.333,"y":0.269},"n":"0p667_1_0p333_0p269","t":27,"s":[-74.504,-33.452],"e":[-61,-37],"to":[0,0],"ti":[-0.85757058858871,0]},{"i":{"x":0.608,"y":1},"o":{"x":0.484,"y":0},"n":"0p608_1_0p484_0","t":29,"s":[-61,-37],"e":[-62,-38],"to":[0,0],"ti":[0,0]},{"i":{"x":0.469,"y":1},"o":{"x":0.188,"y":0},"n":"0p469_1_0p188_0","t":31,"s":[-62,-38],"e":[-65,-38],"to":[0,0],"ti":[0,0]},{"t":34}],"ix":3},"nm":"Ellipse Path 3","mn":"ADBE Vector Shape - Ellipse","hd":false},{"d":1,"ty":"el","s":{"a":0,"k":[31.625,31.625],"ix":2},"p":{"a":1,"k":[{"i":{"x":0.825,"y":1},"o":{"x":0.527,"y":0},"n":"0p825_1_0p527_0","t":8,"s":[53,-1],"e":[69,-7],"to":[0,0],"ti":[0,0]},{"i":{"x":0.667,"y":1},"o":{"x":0.382,"y":0},"n":"0p667_1_0p382_0","t":11,"s":[69,-7],"e":[53,-1],"to":[0,0],"ti":[0,0]},{"i":{"x":0.692,"y":0.945},"o":{"x":0.333,"y":0},"n":"0p692_0p945_0p333_0","t":15,"s":[53,-1],"e":[53.302,8.286],"to":[0.09485913813114,-0.22397296130657],"ti":[0,0]},{"i":{"x":0.801,"y":0.624},"o":{"x":0.786,"y":0.108},"n":"0p801_0p624_0p786_0p108","t":16,"s":[53.302,8.286],"e":[87.258,-41.551],"to":[0,0],"ti":[0,0]},{"i":{"x":0.667,"y":1},"o":{"x":0.187,"y":0.302},"n":"0p667_1_0p187_0p302","t":21,"s":[87.258,-41.551],"e":[73,-96],"to":[0,0],"ti":[0,0]},{"i":{"x":0.667,"y":0.445},"o":{"x":0.333,"y":0},"n":"0p667_0p445_0p333_0","t":25,"s":[73,-96],"e":[77.436,-44.329],"to":[0,0],"ti":[0,0]},{"i":{"x":0.667,"y":1},"o":{"x":0.333,"y":0.569},"n":"0p667_1_0p333_0p569","t":27,"s":[77.436,-44.329],"e":[55,1],"to":[0,0],"ti":[1.67935085296631,-3.96513390541077]},{"i":{"x":0.434,"y":0.849},"o":{"x":0.43,"y":0},"n":"0p434_0p849_0p43_0","t":29,"s":[55,1],"e":[50.263,-0.737],"to":[0,0],"ti":[0.54292571544647,0.54292571544647]},{"i":{"x":0.57,"y":1},"o":{"x":0.249,"y":0.081},"n":"0p57_1_0p249_0p081","t":32,"s":[50.263,-0.737],"e":[53,-1],"to":[-0.15977729856968,-0.15977729856968],"ti":[0,0]},{"t":34}],"ix":3},"nm":"Ellipse Path 5","mn":"ADBE Vector Shape - Ellipse","hd":false},{"d":1,"ty":"el","s":{"a":0,"k":[31.625,31.625],"ix":2},"p":{"a":1,"k":[{"i":{"x":0.825,"y":1},"o":{"x":0.527,"y":0},"n":"0p825_1_0p527_0","t":8,"s":[-70,-6],"e":[-92,-13],"to":[0,0],"ti":[0,0]},{"i":{"x":0.667,"y":1},"o":{"x":0.382,"y":0},"n":"0p667_1_0p382_0","t":11,"s":[-92,-13],"e":[-70,-6],"to":[0,0],"ti":[0,0]},{"i":{"x":0.692,"y":0.982},"o":{"x":0.333,"y":0},"n":"0p692_0p982_0p333_0","t":15,"s":[-70,-6],"e":[-70.302,11.622],"to":[-0.09485913813114,-0.11857391893864],"ti":[0,0]},{"i":{"x":0.801,"y":0.598},"o":{"x":0.786,"y":0.1},"n":"0p801_0p598_0p786_0p1","t":16,"s":[-70.302,11.622],"e":[-98.152,-18.232],"to":[0,0],"ti":[0,0]},{"i":{"x":0.667,"y":1},"o":{"x":0.187,"y":0.212},"n":"0p667_1_0p187_0p212","t":21,"s":[-98.152,-18.232],"e":[-92,-76],"to":[0,0],"ti":[0,0]},{"i":{"x":0.766,"y":0},"o":{"x":0.333,"y":0},"n":"0p766_0_0p333_0","t":25,"s":[-92,-76],"e":[-97.135,-61.617],"to":[0,0],"ti":[0,0]},{"i":{"x":0.667,"y":1},"o":{"x":0.333,"y":0.335},"n":"0p667_1_0p333_0p335","t":27,"s":[-97.135,-61.617],"e":[-65,-5],"to":[0,0],"ti":[-1.74552524089813,-2.1819064617157]},{"i":{"x":0.65,"y":0.55},"o":{"x":0.488,"y":0},"n":"0p65_0p55_0p488_0","t":29,"s":[-65,-5],"e":[-72.114,-3.3],"to":[0,0],"ti":[-1.10030126571655,1.43220698833466]},{"i":{"x":0.571,"y":1},"o":{"x":0.267,"y":0.525},"n":"0p571_1_0p267_0p525","t":32,"s":[-72.114,-3.3],"e":[-70,-6],"to":[1.03555274009705,-1.34792697429657],"ti":[0,0]},{"t":34}],"ix":3},"nm":"Ellipse Path 4","mn":"ADBE Vector Shape - Ellipse","hd":false},{"ty":"fl","c":{"a":0,"k":[0.435294121504,0.105836212635,0.105836212635,1],"ix":4},"o":{"a":0,"k":100,"ix":5},"r":1,"nm":"Fill 1","mn":"ADBE Vector Graphic - Fill","hd":false},{"ty":"tr","p":{"a":1,"k":[{"i":{"x":0.825,"y":0.825},"o":{"x":0.527,"y":0.527},"n":"0p825_0p825_0p527_0p527","t":8,"s":[1.313,-44.688],"e":[1.313,-44.688],"to":[0,0],"ti":[0,0]},{"i":{"x":0.685,"y":0.66},"o":{"x":0.379,"y":0},"n":"0p685_0p66_0p379_0","t":11,"s":[1.313,-44.688],"e":[1.313,-30.483],"to":[0,0],"ti":[0,-4.82501792907715]},{"i":{"x":0.657,"y":1},"o":{"x":0.327,"y":0.113},"n":"0p657_1_0p327_0p113","t":14,"s":[1.313,-30.483],"e":[1.313,-15.688],"to":[0,1.67078638076782],"ti":[0,0]},{"i":{"x":0.692,"y":0.979},"o":{"x":0.333,"y":0},"n":"0p692_0p979_0p333_0","t":15,"s":[1.313,-15.688],"e":[9.313,-30.217],"to":[0,-0.16600349545479],"ti":[0,0]},{"i":{"x":0.801,"y":0.608},"o":{"x":0.786,"y":0.079},"n":"0p801_0p608_0p786_0p079","t":16,"s":[9.313,-30.217],"e":[3.101,-86.343],"to":[0,0],"ti":[0,0]},{"i":{"x":0.667,"y":1},"o":{"x":0.187,"y":0.775},"n":"0p667_1_0p187_0p775","t":21,"s":[3.101,-86.343],"e":[1.313,-107.688],"to":[0,0],"ti":[0,0]},{"i":{"x":0.667,"y":1},"o":{"x":0.333,"y":0},"n":"0p667_1_0p333_0","t":25,"s":[1.313,-107.688],"e":[1.313,-44.688],"to":[0,0],"ti":[0,-10.5]},{"i":{"x":0.24,"y":0.24},"o":{"x":0.333,"y":0.333},"n":"0p24_0p24_0p333_0p333","t":28,"s":[1.313,-44.688],"e":[1.313,-44.688],"to":[0,0],"ti":[0,0]},{"t":34}],"ix":2},"a":{"a":0,"k":[0,-83.5],"ix":1},"s":{"a":0,"k":[100,100],"ix":3},"r":{"a":1,"k":[{"i":{"x":[0.562],"y":[0.207]},"o":{"x":[0.195],"y":[0]},"n":["0p562_0p207_0p195_0"],"t":8,"s":[0.051],"e":[0.025]},{"i":{"x":[0.667],"y":[1]},"o":{"x":[0.308],"y":[0.772]},"n":["0p667_1_0p308_0p772"],"t":11,"s":[0.025],"e":[-0.001]},{"i":{"x":[0.83],"y":[0.642]},"o":{"x":[0.333],"y":[0]},"n":["0p83_0p642_0p333_0"],"t":15,"s":[-0.001],"e":[0.051]},{"i":{"x":[0.801],"y":[0.716]},"o":{"x":[0.786],"y":[0.091]},"n":["0p801_0p716_0p786_0p091"],"t":16,"s":[0.051],"e":[4.724]},{"i":{"x":[0.667],"y":[1]},"o":{"x":[0.187],"y":[0.78]},"n":["0p667_1_0p187_0p78"],"t":21,"s":[4.724],"e":[6]},{"i":{"x":[0.667],"y":[1]},"o":{"x":[0.333],"y":[0]},"n":["0p667_1_0p333_0"],"t":25,"s":[6],"e":[0]},{"i":{"x":[0.24],"y":[1]},"o":{"x":[0.333],"y":[0]},"n":["0p24_1_0p333_0"],"t":28,"s":[0],"e":[0]},{"t":34}],"ix":6},"o":{"a":0,"k":100,"ix":7},"sk":{"a":0,"k":0,"ix":4},"sa":{"a":0,"k":0,"ix":5},"nm":"Transform"}],"nm":"hair 2","np":5,"cix":2,"ix":2,"mn":"ADBE Vector Group","hd":false}],"ip":-5,"op":60,"st":7,"bm":0}],"markers":[]}